#
# A fatal error has been detected by the Java Runtime Environment:
#
#  SIGSEGV (0xb) at pc=0x0000000109a72477, pid=69695, tid=28675
#
# JRE version: Java(TM) SE Runtime Environment (21.0.6+8) (build 21.0.6+8-LTS-188)
# Java VM: Java HotSpot(TM) 64-Bit Server VM (21.0.6+8-LTS-188, mixed mode, sharing, tiered, compressed oops, compressed class ptrs, g1 gc, bsd-amd64)
# Problematic frame:
# V  [libjvm.dylib+0x505477]  void G1ParCopyClosure<(G1Barrier)0, false>::do_oop_work<oopDesc*>(oopDesc**)+0x37
#
# No core dump will be written. Core dumps have been disabled. To enable core dumping, try "ulimit -c unlimited" before starting Java again
#
# If you would like to submit a bug report, please visit:
#   https://bugreport.java.com/bugreport/crash.jsp
#

---------------  S U M M A R Y ------------

Command Line: -XX:+ShowCodeDetailsInExceptionMessages -agentlib:jdwp=transport=dt_socket,suspend=y,address=localhost:64034 -javaagent:/Users/yeonguksong/eclipse/jee-2024-03/Eclipse.app/Contents/Eclipse/configuration/org.eclipse.osgi/434/0/.cp/lib/javaagent-shaded.jar -Dfile.encoding=UTF-8 -Dstdout.encoding=UTF-8 -Dstderr.encoding=UTF-8 com.syuk27.springboot.pt_restful_hibernate.PtRestfulHibernateApplication

Host: "MacBookAir9,1" x86_64 1100 MHz, 8 cores, 16G, Darwin 23.5.0, macOS 14.5 (23F79)
Time: Sat Feb  8 15:52:01 2025 KST elapsed time: 2213.694835 seconds (0d 0h 36m 53s)

---------------  T H R E A D  ---------------

Current thread (0x00007fb3a7924710):  WorkerThread "GC Thread#4"    [id=28675, stack(0x000070000a9c1000,0x000070000aac1000) (1024K)]

Stack: [0x000070000a9c1000,0x000070000aac1000],  sp=0x000070000aabf710,  free space=1017k
Native frames: (J=compiled Java code, j=interpreted, Vv=VM code, C=native code)
V  [libjvm.dylib+0x505477]  void G1ParCopyClosure<(G1Barrier)0, false>::do_oop_work<oopDesc*>(oopDesc**)+0x37
V  [libjvm.dylib+0x489dcb]  void SignatureIterator::do_parameters_on<InterpretedArgumentOopFinder>(InterpretedArgumentOopFinder*)+0x10b
V  [libjvm.dylib+0x489252]  frame::oops_interpreted_do(OopClosure*, RegisterMap const*, bool) const+0x302
V  [libjvm.dylib+0x5bfcc3]  JavaThread::oops_do_frames(OopClosure*, CodeBlobClosure*)+0x163
V  [libjvm.dylib+0xae12ff]  Thread::oops_do(OopClosure*, CodeBlobClosure*)+0x5f
V  [libjvm.dylib+0xaecb57]  Threads::possibly_parallel_threads_do(bool, ThreadClosure*)+0x87
V  [libjvm.dylib+0xaee544]  Threads::possibly_parallel_oops_do(bool, OopClosure*, CodeBlobClosure*)+0x24
V  [libjvm.dylib+0x507793]  G1RootProcessor::process_java_roots(G1RootClosures*, G1GCPhaseTimes*, unsigned int)+0x63
V  [libjvm.dylib+0x50769e]  G1RootProcessor::evacuate_roots(G1ParScanThreadState*, unsigned int)+0x5e
V  [libjvm.dylib+0x50f50f]  G1EvacuateRegionsTask::scan_roots(G1ParScanThreadState*, unsigned int)+0x1f
V  [libjvm.dylib+0x50f3e5]  G1EvacuateRegionsBaseTask::work(unsigned int)+0x75
V  [libjvm.dylib+0xba90dc]  WorkerThread::run()+0x7c
V  [libjvm.dylib+0xae0f25]  Thread::call_run()+0xa5
V  [libjvm.dylib+0x93ba17]  thread_native_entry(Thread*)+0x147
C  [libsystem_pthread.dylib+0x618b]  _pthread_start+0x63
C  [libsystem_pthread.dylib+0x1ae3]  thread_start+0xf
JavaThread 0x00007fb3ab831800 (nid = 37207) was being processed
Java frames: (J=compiled Java code, j=interpreted, Vv=VM code)
j  java.lang.invoke.DirectMethodHandle$Holder.newInvokeSpecial(Ljava/lang/Object;)Ljava/lang/Object;+15 java.base@21.0.6
J 9939 c2 java.lang.reflect.Constructor.newInstanceWithCaller([Ljava/lang/Object;ZLjava/lang/Class;)Ljava/lang/Object; java.base@21.0.6 (51 bytes) @ 0x000000011aaa67d4 [0x000000011aaa6540+0x0000000000000294]
J 7242 c1 org.springframework.beans.BeanUtils.instantiateClass(Ljava/lang/reflect/Constructor;[Ljava/lang/Object;)Ljava/lang/Object; (208 bytes) @ 0x00000001130edb0c [0x00000001130ecd40+0x0000000000000dcc]
J 6852 c1 org.springframework.beans.factory.support.SimpleInstantiationStrategy.instantiate(Lorg/springframework/beans/factory/support/RootBeanDefinition;Ljava/lang/String;Lorg/springframework/beans/factory/BeanFactory;)Ljava/lang/Object; (123 bytes) @ 0x00000001133c3234 [0x00000001133c2ee0+0x0000000000000354]
J 7406 c1 org.springframework.beans.factory.support.AbstractAutowireCapableBeanFactory.instantiateBean(Ljava/lang/String;Lorg/springframework/beans/factory/support/RootBeanDefinition;)Lorg/springframework/beans/BeanWrapper; (51 bytes) @ 0x00000001133c4894 [0x00000001133c47c0+0x00000000000000d4]
J 9274 c1 org.springframework.beans.factory.support.AbstractAutowireCapableBeanFactory.createBeanInstance(Ljava/lang/String;Lorg/springframework/beans/factory/support/RootBeanDefinition;[Ljava/lang/Object;)Lorg/springframework/beans/BeanWrapper; (245 bytes) @ 0x0000000112d7476c [0x0000000112d73360+0x000000000000140c]
J 9280 c1 org.springframework.beans.factory.support.AbstractAutowireCapableBeanFactory.doCreateBean(Ljava/lang/String;Lorg/springframework/beans/factory/support/RootBeanDefinition;[Ljava/lang/Object;)Ljava/lang/Object; (465 bytes) @ 0x0000000113627cfc [0x00000001136277a0+0x000000000000055c]
J 10283 c1 org.springframework.beans.factory.support.AbstractAutowireCapableBeanFactory.createBean(Ljava/lang/String;Lorg/springframework/beans/factory/support/RootBeanDefinition;[Ljava/lang/Object;)Ljava/lang/Object; (214 bytes) @ 0x000000011377280c [0x00000001137714a0+0x000000000000136c]
J 9289 c1 org.springframework.beans.factory.support.AbstractBeanFactory.lambda$doGetBean$0(Ljava/lang/String;Lorg/springframework/beans/factory/support/RootBeanDefinition;[Ljava/lang/Object;)Ljava/lang/Object; (18 bytes) @ 0x0000000112d9c51c [0x0000000112d9c3e0+0x000000000000013c]
J 9288 c1 org.springframework.beans.factory.support.AbstractBeanFactory$$Lambda+0x0000000129211f18.getObject()Ljava/lang/Object; (20 bytes) @ 0x0000000112f9ede4 [0x0000000112f9ed40+0x00000000000000a4]
J 10100 c1 org.springframework.beans.factory.support.DefaultSingletonBeanRegistry.getSingleton(Ljava/lang/String;Lorg/springframework/beans/factory/ObjectFactory;)Ljava/lang/Object; (529 bytes) @ 0x000000011370506c [0x0000000113703a00+0x000000000000166c]
J 9242 c2 org.springframework.beans.factory.support.AbstractBeanFactory.doGetBean(Ljava/lang/String;Ljava/lang/Class;[Ljava/lang/Object;Z)Ljava/lang/Object; (787 bytes) @ 0x000000011aa2dea0 [0x000000011aa2d3e0+0x0000000000000ac0]
J 7962 c1 org.springframework.beans.factory.support.AbstractBeanFactory.getBean(Ljava/lang/String;)Ljava/lang/Object; (9 bytes) @ 0x00000001133eb374 [0x00000001133eb240+0x0000000000000134]
J 9424 c1 org.springframework.beans.factory.support.DefaultListableBeanFactory.instantiateSingleton(Ljava/lang/String;)V (56 bytes) @ 0x00000001136426ec [0x0000000113641660+0x000000000000108c]
J 9106 c1 org.springframework.beans.factory.support.DefaultListableBeanFactory.preInstantiateSingleton(Ljava/lang/String;Lorg/springframework/beans/factory/support/RootBeanDefinition;)Ljava/util/concurrent/CompletableFuture; (146 bytes) @ 0x000000011312d784 [0x000000011312cb60+0x0000000000000c24]
j  org.springframework.beans.factory.support.DefaultListableBeanFactory.preInstantiateSingletons()V+118
j  org.springframework.context.support.AbstractApplicationContext.finishBeanFactoryInitialization(Lorg/springframework/beans/factory/config/ConfigurableListableBeanFactory;)V+284
j  org.springframework.context.support.AbstractApplicationContext.refresh()V+94
j  org.springframework.boot.web.servlet.context.ServletWebServerApplicationContext.refresh()V+1
j  org.springframework.boot.SpringApplication.refresh(Lorg/springframework/context/ConfigurableApplicationContext;)V+1
j  org.springframework.boot.SpringApplication.refreshContext(Lorg/springframework/context/ConfigurableApplicationContext;)V+19
j  org.springframework.boot.SpringApplication.run([Ljava/lang/String;)Lorg/springframework/context/ConfigurableApplicationContext;+113
j  org.springframework.boot.SpringApplication.run([Ljava/lang/Class;[Ljava/lang/String;)Lorg/springframework/context/ConfigurableApplicationContext;+9
j  org.springframework.boot.SpringApplication.run(Ljava/lang/Class;[Ljava/lang/String;)Lorg/springframework/context/ConfigurableApplicationContext;+9
j  com.syuk27.springboot.pt_restful_hibernate.PtRestfulHibernateApplication.main([Ljava/lang/String;)V+3
j  java.lang.invoke.LambdaForm$DMH+0x00000001290b9000.invokeStatic(Ljava/lang/Object;Ljava/lang/Object;)V+10 java.base@21.0.6
j  java.lang.invoke.LambdaForm$MH+0x00000001290ba000.invoke(Ljava/lang/Object;Ljava/lang/Object;Ljava/lang/Object;)Ljava/lang/Object;+33 java.base@21.0.6
J 10516 c2 jdk.internal.reflect.DirectMethodHandleAccessor.invoke(Ljava/lang/Object;[Ljava/lang/Object;)Ljava/lang/Object; java.base@21.0.6 (92 bytes) @ 0x000000011ab2e970 [0x000000011ab2e680+0x00000000000002f0]
J 4662 c1 java.lang.reflect.Method.invoke(Ljava/lang/Object;[Ljava/lang/Object;)Ljava/lang/Object; java.base@21.0.6 (108 bytes) @ 0x0000000112e15f94 [0x0000000112e15a40+0x0000000000000554]
j  org.springframework.boot.devtools.restart.RestartLauncher.run()V+47
v  ~StubRoutines::call_stub 0x000000011a081cc6

siginfo: si_signo: 11 (SIGSEGV), si_code: 1 (SEGV_MAPERR), si_addr: 0x00007fb3b00322b2

Registers:
RAX=0x00007fb3a901c200, RBX=0x000070000b3da560, RCX=0x00007fb3a9032200, RDX=0x000070000b3da560
RSP=0x000070000aabf710, RBP=0x000070000aabf740, RSI=0x0000000003800059, RDI=0x000060000059a108
R8 =0x0000000000000000, R9 =0x000070000aabf8e0, R10=0x0000000000000010, R11=0x00000000000001e5
R12=0x000070000aabf7c8, R13=0x000060000059a108, R14=0x000060000059a108, R15=0x000070000aabf750
RIP=0x0000000109a72477, EFLAGS=0x0000000000010207, ERR=0x0000000000000004
  TRAPNO=0x000000000000000e


Register to memory mapping:

RAX=0x00007fb3a901c200 points into unknown readable memory: 0x000000010a338518 | 18 85 33 0a 01 00 00 00
RBX=0x000070000b3da560 is pointing into the stack for thread: 0x00007fb3ab831800
RCX=0x00007fb3a9032200 points into unknown readable memory: 0x0000000000000000 | 00 00 00 00 00 00 00 00
RDX=0x000070000b3da560 is pointing into the stack for thread: 0x00007fb3ab831800
RSP=0x000070000aabf710 points into unknown readable memory: 0x000070000b3da560 | 60 a5 3d 0b 00 70 00 00
RBP=0x000070000aabf740 points into unknown readable memory: 0x000070000aabf7a0 | a0 f7 ab 0a 00 70 00 00
RSI=0x0000000003800059 is an unknown value
RDI=0x000060000059a108 points into unknown readable memory: 0x000000010a33b690 | 90 b6 33 0a 01 00 00 00
R8 =0x0 is null
R9 =0x000070000aabf8e0 points into unknown readable memory: 0x0000000400000003 | 03 00 00 00 04 00 00 00
R10=0x0000000000000010 is an unknown value
R11=0x00000000000001e5 is an unknown value
R12=0x000070000aabf7c8 points into unknown readable memory: 0x0000000128550ec8 | c8 0e 55 28 01 00 00 00
R13=0x000060000059a108 points into unknown readable memory: 0x000000010a33b690 | 90 b6 33 0a 01 00 00 00
R14=0x000060000059a108 points into unknown readable memory: 0x000000010a33b690 | 90 b6 33 0a 01 00 00 00
R15=0x000070000aabf750 points into unknown readable memory: 0x0000000128550ec8 | c8 0e 55 28 01 00 00 00

Top of Stack: (sp=0x000070000aabf710)
0x000070000aabf710:   000070000b3da560 0000000000000000
0x000070000aabf720:   000070000aabf7c8 000060000059a108
0x000070000aabf730:   000070000aabf7c8 000070000aabf750
0x000070000aabf740:   000070000aabf7a0 00000001099f6dcb
0x000070000aabf750:   0000000128550ec8 0000001300000001
0x000070000aabf760:   0000000000000032 000000010000000c
0x000070000aabf770:   0000000128488090 0000000000000000
0x000070000aabf780:   000070000aabf800 0000000000000003
0x000070000aabf790:   00006000037a4c00 000070000aabf8a8
0x000070000aabf7a0:   000070000aabf890 00000001099f6252
0x000070000aabf7b0:   000000012873c1c7 00006000000000b8
0x000070000aabf7c0:   00000001280b6d68 0000000128550ec8
0x000070000aabf7d0:   0000000000000063 0000000000000000
0x000070000aabf7e0:   000060000059a108 0000700000000001
0x000070000aabf7f0:   000070000aabf8a8 00006000039d3420
0x000070000aabf800:   0000000000000002 0000000128550ec8
0x000070000aabf810:   000070000000000e 0000000000000000
0x000070000aabf820:   0000700000000002 00000000000003d8
0x000070000aabf830:   00007fb3a7c10190 00007fb3a7c10568
0x000070000aabf840:   00000001280b6d68 00007fb3a7924710
0x000070000aabf850:   00007fb3a7c10180 000000011a088a90
0x000070000aabf860:   000000010000000f 000070000aabf8a8
0x000070000aabf870:   000060000059a108 000070000aac0b60
0x000070000aabf880:   000060000059a1b0 000070000aabf8e0
0x000070000aabf890:   000070000aac0bc0 0000000109b2ccc3
0x000070000aabf8a0:   0000700000000001 000070000b3da558
0x000070000aabf8b0:   000000011a08d5a0 000000011a088a90
0x000070000aabf8c0:   0000000000000000 0000000000000000
0x000070000aabf8d0:   000070000b3da5a8 000070000b3da558
0x000070000aabf8e0:   0000000400000003 000070000b2d8be0
0x000070000aabf8f0:   000070000aac0c20 000070000aabf9a0
0x000070000aabf900:   00007000098874d8 000070000aac0c20 

Instructions: (pc=0x0000000109a72477)
0x0000000109a72377:   ef 94 00 48 8b 00 48 89 83 c0 00 00 00 4c 89 a3
0x0000000109a72387:   c8 00 00 00 48 c7 83 d0 00 00 00 00 00 00 00 48
0x0000000109a72397:   8d bb d8 00 00 00 e8 1e a1 f9 ff c6 83 f0 00 00
0x0000000109a723a7:   00 00 eb 05 e8 b0 1c 00 00 48 89 d8 48 83 c4 08
0x0000000109a723b7:   5b 41 5c 41 5d 41 5e 41 5f 5d c3 66 2e 0f 1f 84
0x0000000109a723c7:   00 00 00 00 00 0f 1f 40 00 55 48 89 e5 48 8d 47
0x0000000109a723d7:   08 5d c3 66 0f 1f 44 00 00 55 48 89 e5 48 8d 87
0x0000000109a723e7:   98 00 00 00 5d c3 0f 1f 00 55 48 89 e5 48 8d 87
0x0000000109a723f7:   98 00 00 00 5d c3 0f 1f 00 55 48 89 e5 48 8d 87
0x0000000109a72407:   b0 00 00 00 5d c3 0f 1f 00 55 48 89 e5 48 8d 87
0x0000000109a72417:   b0 00 00 00 5d c3 0f 1f 00 55 48 89 e5 5d e9 16
0x0000000109a72427:   00 00 00 66 0f 1f 44 00 00 55 48 89 e5 5d e9 56
0x0000000109a72437:   02 00 00 66 0f 1f 44 00 00 55 48 89 e5 41 57 41
0x0000000109a72447:   56 41 55 41 54 53 50 48 8b 16 48 85 d2 0f 84 26
0x0000000109a72457:   02 00 00 48 89 f3 49 89 fe 48 8b 47 08 8a 88 b8
0x0000000109a72467:   05 00 00 48 89 d6 48 d3 ee 48 8b 88 a8 05 00 00
0x0000000109a72477:   0f b7 34 71 89 f1 c1 e9 08 84 c9 78 2c 48 8b 0a
0x0000000109a72487:   89 c8 83 e0 03 83 f8 03 75 79 48 83 e1 fc 48 89
0x0000000109a72497:   0b 49 8b 5e 10 48 8b 43 10 48 83 b8 b8 02 00 00
0x0000000109a724a7:   00 0f 85 a0 01 00 00 eb 7c 80 f9 fc 0f 84 a1 00
0x0000000109a724b7:   00 00 80 f9 fd 75 58 48 8b b0 10 02 00 00 8a 88
0x0000000109a724c7:   18 02 00 00 48 d3 e6 48 29 f2 48 8d 0d a0 36 92
0x0000000109a724d7:   00 8a 09 48 d3 ea 89 d1 48 8b 80 98 05 00 00 80
0x0000000109a724e7:   7c 48 01 fd 75 29 c6 44 48 01 ff 49 8b 5e 10 48
0x0000000109a724f7:   8b 43 10 48 83 b8 b8 02 00 00 00 0f 85 46 01 00
0x0000000109a72507:   00 eb 22 49 8b 7e 10 e8 9d 7b fe ff 48 89 03 49
0x0000000109a72517:   8b 5e 10 48 8b 43 10 48 83 b8 b8 02 00 00 00 0f
0x0000000109a72527:   85 22 01 00 00 8b 88 80 00 00 00 2b 88 00 01 00
0x0000000109a72537:   00 81 e1 ff ff 01 00 31 c0 81 f9 ff ff 01 00 0f
0x0000000109a72547:   45 c1 3b 83 c0 01 00 00 0f 87 f9 00 00 00 e9 26
0x0000000109a72557:   01 00 00 49 8b 46 10 48 8b 70 08 48 8b be 10 02
0x0000000109a72567:   00 00 8a 8e 18 02 00 00 48 d3 e7 48 29 fa 48 8d 


Stack slot to memory mapping:

stack at sp + 0 slots: 0x000070000b3da560 is pointing into the stack for thread: 0x00007fb3ab831800
stack at sp + 1 slots: 0x0 is null
stack at sp + 2 slots: 0x000070000aabf7c8 points into unknown readable memory: 0x0000000128550ec8 | c8 0e 55 28 01 00 00 00
stack at sp + 3 slots: 0x000060000059a108 points into unknown readable memory: 0x000000010a33b690 | 90 b6 33 0a 01 00 00 00
stack at sp + 4 slots: 0x000070000aabf7c8 points into unknown readable memory: 0x0000000128550ec8 | c8 0e 55 28 01 00 00 00
stack at sp + 5 slots: 0x000070000aabf750 points into unknown readable memory: 0x0000000128550ec8 | c8 0e 55 28 01 00 00 00
stack at sp + 6 slots: 0x000070000aabf7a0 points into unknown readable memory: 0x000070000aabf890 | 90 f8 ab 0a 00 70 00 00
stack at sp + 7 slots: 0x00000001099f6dcb: _ZN17SignatureIterator16do_parameters_onI28InterpretedArgumentOopFinderEEvPT_+0x10b in /Library/Java/JavaVirtualMachines/jdk-21.jdk/Contents/Home/lib/server/libjvm.dylib at 0x000000010956d000


---------------  P R O C E S S  ---------------

Threads class SMR info:
_java_thread_list=0x00006000039037a0, length=24, elements={
0x00007fb3a981b600, 0x00007fb3a981e000, 0x00007fb3a981e800, 0x00007fb3a9820800,
0x00007fb3a800a000, 0x00007fb3a700bc00, 0x00007fb3a9829000, 0x00007fb3a981be00,
0x00007fb3a981c600, 0x00007fb3a90bda00, 0x00007fb3ac808200, 0x00007fb3ac00a200,
0x00007fb3a8894600, 0x00007fb3a81f6c00, 0x00007fb3a9645400, 0x00007fb3ac980a00,
0x00007fb3ab834800, 0x00007fb3ab866a00, 0x00007fb3afd3e200, 0x00007fb3ab831800,
0x00007fb3a91aee00, 0x00007fb3a9779c00, 0x00007fb3a8924a00, 0x00007fb3a9c4ee00
}

Java Threads: ( => current thread )
  0x00007fb3a981b600 JavaThread "Reference Handler"          daemon [_thread_blocked, id=32259, stack(0x0000700009991000,0x0000700009a91000) (1024K)]
  0x00007fb3a981e000 JavaThread "Finalizer"                  daemon [_thread_blocked, id=23555, stack(0x0000700009a94000,0x0000700009b94000) (1024K)]
  0x00007fb3a981e800 JavaThread "Signal Dispatcher"          daemon [_thread_blocked, id=32003, stack(0x0000700009b97000,0x0000700009c97000) (1024K)]
  0x00007fb3a9820800 JavaThread "Service Thread"             daemon [_thread_blocked, id=24323, stack(0x0000700009c9a000,0x0000700009d9a000) (1024K)]
  0x00007fb3a800a000 JavaThread "Monitor Deflation Thread"   daemon [_thread_blocked, id=31747, stack(0x0000700009d9d000,0x0000700009e9d000) (1024K)]
  0x00007fb3a700bc00 JavaThread "C2 CompilerThread0"         daemon [_thread_blocked, id=31491, stack(0x0000700009ea0000,0x0000700009fa0000) (1024K)]
  0x00007fb3a9829000 JavaThread "C1 CompilerThread0"         daemon [_thread_blocked, id=25091, stack(0x0000700009fa3000,0x000070000a0a3000) (1024K)]
  0x00007fb3a981be00 JavaThread "Common-Cleaner"             daemon [_thread_blocked, id=25347, stack(0x000070000a0a6000,0x000070000a1a6000) (1024K)]
  0x00007fb3a981c600 JavaThread "JDWP Transport Listener: dt_socket" daemon [_thread_blocked, id=25859, stack(0x000070000a1a9000,0x000070000a2a9000) (1024K)]
  0x00007fb3a90bda00 JavaThread "JDWP Event Helper Thread"   daemon [_thread_blocked, id=30467, stack(0x000070000a2ac000,0x000070000a3ac000) (1024K)]
  0x00007fb3ac808200 JavaThread "JDWP Command Reader"        daemon [_thread_in_native, id=26371, stack(0x000070000a3af000,0x000070000a4af000) (1024K)]
  0x00007fb3ac00a200 JavaThread "Notification Thread"        daemon [_thread_blocked, id=27395, stack(0x000070000a5b5000,0x000070000a6b5000) (1024K)]
  0x00007fb3a8894600 JavaThread "Live Reload Server"         daemon [_thread_in_native, id=39431, stack(0x000070000b6e8000,0x000070000b7e8000) (1024K)]
  0x00007fb3a81f6c00 JavaThread "DestroyJavaVM"                     [_thread_blocked, id=8451, stack(0x0000700009073000,0x0000700009173000) (1024K)]
  0x00007fb3a9645400 JavaThread "File Watcher"               daemon [_thread_blocked, id=40503, stack(0x000070000abc7000,0x000070000acc7000) (1024K)]
  0x00007fb3ac980a00 JavaThread "File Watcher"               daemon [_thread_blocked, id=32823, stack(0x000070000acca000,0x000070000adca000) (1024K)]
  0x00007fb3ab834800 JavaThread "File Watcher"               daemon [_thread_blocked, id=38727, stack(0x000070000aed0000,0x000070000afd0000) (1024K)]
  0x00007fb3ab866a00 JavaThread "File Watcher"               daemon [_thread_blocked, id=33871, stack(0x000070000b1d9000,0x000070000b2d9000) (1024K)]
  0x00007fb3afd3e200 JavaThread "Thread-68"                         [_thread_blocked, id=35595, stack(0x000070000a4b2000,0x000070000a5b2000) (1024K)]
  0x00007fb3ab831800 JavaThread "restartedMain"                     [_thread_blocked, id=37207, stack(0x000070000b2dc000,0x000070000b3dc000) (1024K)]
  0x00007fb3a91aee00 JavaThread "Catalina-utility-1"                [_thread_blocked, id=27219, stack(0x000070000b3df000,0x000070000b4df000) (1024K)]
  0x00007fb3a9779c00 JavaThread "Catalina-utility-2"                [_thread_blocked, id=44059, stack(0x000070000b4e2000,0x000070000b5e2000) (1024K)]
  0x00007fb3a8924a00 JavaThread "container-4"                       [_thread_blocked, id=43295, stack(0x000070000b5e5000,0x000070000b6e5000) (1024K)]
  0x00007fb3a9c4ee00 JavaThread "HikariPool-19 housekeeper"  daemon [_thread_blocked, id=43039, stack(0x000070000b7eb000,0x000070000b8eb000) (1024K)]
Total: 24

Other Threads:
  0x00007fb3a7c089e0 VMThread "VM Thread"                           [id=17667, stack(0x0000700009788000,0x0000700009888000) (1024K)]
  0x00007fb3a7c05d10 WatcherThread "VM Periodic Task Thread"        [id=17155, stack(0x0000700009685000,0x0000700009785000) (1024K)]
  0x00007fb3a7b076d0 WorkerThread "GC Thread#0"                     [id=11779, stack(0x0000700009176000,0x0000700009276000) (1024K)]
  0x00007fb3a79236c0 WorkerThread "GC Thread#1"                     [id=29955, stack(0x000070000a6b8000,0x000070000a7b8000) (1024K)]
  0x00007fb3a7923c30 WorkerThread "GC Thread#2"                     [id=27907, stack(0x000070000a7bb000,0x000070000a8bb000) (1024K)]
  0x00007fb3a79241a0 WorkerThread "GC Thread#3"                     [id=28419, stack(0x000070000a8be000,0x000070000a9be000) (1024K)]
=>0x00007fb3a7924710 WorkerThread "GC Thread#4"                     [id=28675, stack(0x000070000a9c1000,0x000070000aac1000) (1024K)]
  0x00007fb3a7924c80 WorkerThread "GC Thread#5"                     [id=29187, stack(0x000070000aac4000,0x000070000abc4000) (1024K)]
  0x00007fb3a7b671e0 WorkerThread "GC Thread#6"                     [id=42499, stack(0x000070000adcd000,0x000070000aecd000) (1024K)]
  0x00007fb3a79916c0 WorkerThread "GC Thread#7"                     [id=41991, stack(0x000070000afd3000,0x000070000b0d3000) (1024K)]
  0x00007fb3a7b07e70 ConcurrentGCThread "G1 Main Marker"            [id=13571, stack(0x0000700009279000,0x0000700009379000) (1024K)]
  0x00007fb3a7b087e0 WorkerThread "G1 Conc#0"                       [id=12547, stack(0x000070000937c000,0x000070000947c000) (1024K)]
  0x00007fb3aaf1eac0 WorkerThread "G1 Conc#1"                       [id=41731, stack(0x000070000b0d6000,0x000070000b1d6000) (1024K)]
  0x00007fb3a900de00 ConcurrentGCThread "G1 Refine#0"               [id=16387, stack(0x000070000947f000,0x000070000957f000) (1024K)]
  0x00007fb3a7c04300 ConcurrentGCThread "G1 Service"                [id=16643, stack(0x0000700009582000,0x0000700009682000) (1024K)]
Total: 15

Threads with active compile tasks:
Total: 0

VM state: at safepoint (normal execution)

VM Mutex/Monitor currently owned by a thread:  ([mutex/lock_event])
[0x000000010a3d9660] Threads_lock - owner thread: 0x00007fb3a7c089e0
[0x000000010a3d9760] Heap_lock - owner thread: 0x00007fb3ab866a00

Heap address: 0x0000000700000000, size: 4096 MB, Compressed Oops mode: Zero based, Oop shift amount: 3

CDS archive(s) mapped at: [0x0000000128000000-0x0000000128ca8000-0x0000000128ca8000), size 13271040, SharedBaseAddress: 0x0000000128000000, ArchiveRelocationMode: 1.
Compressed class space mapped at: 0x0000000129000000-0x0000000169000000, reserved size: 1073741824
Narrow klass base: 0x0000000128000000, Narrow klass shift: 0, Narrow klass range: 0x100000000

GC Precious Log:
 CardTable entry size: 512
 Card Set container configuration: InlinePtr #cards 4 size 8 Array Of Cards #cards 16 size 48 Howl #buckets 8 coarsen threshold 3686 Howl Bitmap #cards 512 size 80 coarsen threshold 460 Card regions per heap region 1 cards per card region 4096
 CPUs: 8 total, 8 available
 Memory: 16384M
 Large Page Support: Disabled
 NUMA Support: Disabled
 Compressed Oops: Enabled (Zero based)
 Heap Region Size: 2M
 Heap Min Capacity: 8M
 Heap Initial Capacity: 256M
 Heap Max Capacity: 4G
 Pre-touch: Disabled
 Parallel Workers: 8
 Concurrent Workers: 2
 Concurrent Refinement Workers: 8
 Periodic GC: Disabled

Heap:
 garbage-first heap   total 81920K, used 66033K [0x0000000700000000, 0x0000000800000000)
  region size 2048K, 22 young (45056K), 2 survivors (4096K)
 Metaspace       used 65093K, committed 66048K, reserved 1114112K
  class space    used 8009K, committed 8448K, reserved 1048576K

Heap Regions: E=young(eden), S=young(survivor), O=old, HS=humongous(starts), HC=humongous(continues), CS=collection set, F=free, TAMS=top-at-mark-start, PB=parsable bottom
|   0|0x0000000700000000, 0x0000000700200000, 0x0000000700200000|100%| O|  |TAMS 0x0000000700000000| PB 0x0000000700000000| Untracked 
|   1|0x0000000700200000, 0x00000007003fffd8, 0x0000000700400000| 99%| O|  |TAMS 0x0000000700200000| PB 0x0000000700200000| Untracked 
|   2|0x0000000700400000, 0x0000000700600000, 0x0000000700600000|100%| O|  |TAMS 0x0000000700400000| PB 0x0000000700400000| Untracked 
|   3|0x0000000700600000, 0x00000007007ffff8, 0x0000000700800000| 99%| O|  |TAMS 0x0000000700600000| PB 0x0000000700600000| Untracked 
|   4|0x0000000700800000, 0x00000007009fffe8, 0x0000000700a00000| 99%| O|  |TAMS 0x0000000700800000| PB 0x0000000700800000| Untracked 
|   5|0x0000000700a00000, 0x0000000700bffff8, 0x0000000700c00000| 99%| O|  |TAMS 0x0000000700a00000| PB 0x0000000700a00000| Untracked 
|   6|0x0000000700c00000, 0x0000000700dffff0, 0x0000000700e00000| 99%| O|  |TAMS 0x0000000700c00000| PB 0x0000000700c00000| Untracked 
|   7|0x0000000700e00000, 0x0000000701000000, 0x0000000701000000|100%| O|  |TAMS 0x0000000700e00000| PB 0x0000000700e00000| Untracked 
|   8|0x0000000701000000, 0x00000007011fffc8, 0x0000000701200000| 99%| O|  |TAMS 0x0000000701000000| PB 0x0000000701000000| Untracked 
|   9|0x0000000701200000, 0x00000007013fffb0, 0x0000000701400000| 99%| O|  |TAMS 0x0000000701200000| PB 0x0000000701200000| Untracked 
|  10|0x0000000701400000, 0x0000000701600000, 0x0000000701600000|100%| O|  |TAMS 0x0000000701400000| PB 0x0000000701400000| Untracked 
|  11|0x0000000701600000, 0x0000000701774ff0, 0x0000000701800000| 72%| O|  |TAMS 0x0000000701600000| PB 0x0000000701600000| Untracked 
|  12|0x0000000701800000, 0x00000007018348a8, 0x0000000701a00000| 10%| O|  |TAMS 0x0000000701800000| PB 0x0000000701800000| Untracked 
|  13|0x0000000701a00000, 0x0000000701a50dd8, 0x0000000701c00000| 15%| O|  |TAMS 0x0000000701a00000| PB 0x0000000701a00000| Untracked 
|  14|0x0000000701c00000, 0x0000000701c82270, 0x0000000701e00000| 25%| O|  |TAMS 0x0000000701c00000| PB 0x0000000701c00000| Untracked 
|  15|0x0000000701e00000, 0x0000000701e00000, 0x0000000702000000|  0%| F|  |TAMS 0x0000000701e00000| PB 0x0000000701e00000| Untracked 
|  16|0x0000000702000000, 0x0000000702000000, 0x0000000702200000|  0%| F|  |TAMS 0x0000000702000000| PB 0x0000000702000000| Untracked 
|  17|0x0000000702200000, 0x0000000702200000, 0x0000000702400000|  0%| F|  |TAMS 0x0000000702200000| PB 0x0000000702200000| Untracked 
|  18|0x0000000702400000, 0x00000007025fcc70, 0x0000000702600000| 99%| S|  |TAMS 0x0000000702400000| PB 0x0000000702400000| Complete 
|  19|0x0000000702600000, 0x0000000702800000, 0x0000000702800000|100%| S|  |TAMS 0x0000000702600000| PB 0x0000000702600000| Complete 
|  20|0x0000000702800000, 0x0000000702a00000, 0x0000000702a00000|100%| E|CS|TAMS 0x0000000702800000| PB 0x0000000702800000| Complete 
|  21|0x0000000702a00000, 0x0000000702c00000, 0x0000000702c00000|100%| E|CS|TAMS 0x0000000702a00000| PB 0x0000000702a00000| Complete 
|  22|0x0000000702c00000, 0x0000000702e00000, 0x0000000702e00000|100%| E|CS|TAMS 0x0000000702c00000| PB 0x0000000702c00000| Complete 
|  23|0x0000000702e00000, 0x0000000703000000, 0x0000000703000000|100%| E|CS|TAMS 0x0000000702e00000| PB 0x0000000702e00000| Complete 
|  24|0x0000000703000000, 0x0000000703200000, 0x0000000703200000|100%| E|CS|TAMS 0x0000000703000000| PB 0x0000000703000000| Complete 
|  25|0x0000000703200000, 0x0000000703400000, 0x0000000703400000|100%| E|CS|TAMS 0x0000000703200000| PB 0x0000000703200000| Complete 
|  26|0x0000000703400000, 0x0000000703600000, 0x0000000703600000|100%| E|CS|TAMS 0x0000000703400000| PB 0x0000000703400000| Complete 
|  27|0x0000000703600000, 0x0000000703800000, 0x0000000703800000|100%| E|CS|TAMS 0x0000000703600000| PB 0x0000000703600000| Complete 
|  28|0x0000000703800000, 0x0000000703a00000, 0x0000000703a00000|100%| E|CS|TAMS 0x0000000703800000| PB 0x0000000703800000| Complete 
|  29|0x0000000703a00000, 0x0000000703c00000, 0x0000000703c00000|100%| E|CS|TAMS 0x0000000703a00000| PB 0x0000000703a00000| Complete 
|  30|0x0000000703c00000, 0x0000000703e00000, 0x0000000703e00000|100%| E|CS|TAMS 0x0000000703c00000| PB 0x0000000703c00000| Complete 
|  31|0x0000000703e00000, 0x0000000704000000, 0x0000000704000000|100%| E|CS|TAMS 0x0000000703e00000| PB 0x0000000703e00000| Complete 
|  32|0x0000000704000000, 0x0000000704200000, 0x0000000704200000|100%| E|CS|TAMS 0x0000000704000000| PB 0x0000000704000000| Complete 
|  33|0x0000000704200000, 0x0000000704400000, 0x0000000704400000|100%| E|CS|TAMS 0x0000000704200000| PB 0x0000000704200000| Complete 
|  34|0x0000000704400000, 0x0000000704600000, 0x0000000704600000|100%| E|CS|TAMS 0x0000000704400000| PB 0x0000000704400000| Complete 
|  35|0x0000000704600000, 0x0000000704800000, 0x0000000704800000|100%| E|CS|TAMS 0x0000000704600000| PB 0x0000000704600000| Complete 
|  36|0x0000000704800000, 0x0000000704a00000, 0x0000000704a00000|100%| E|CS|TAMS 0x0000000704800000| PB 0x0000000704800000| Complete 
|  37|0x0000000704a00000, 0x0000000704c00000, 0x0000000704c00000|100%| E|CS|TAMS 0x0000000704a00000| PB 0x0000000704a00000| Complete 
|  38|0x0000000704c00000, 0x0000000704e00000, 0x0000000704e00000|100%| E|CS|TAMS 0x0000000704c00000| PB 0x0000000704c00000| Complete 
|  39|0x0000000704e00000, 0x0000000705000000, 0x0000000705000000|100%| E|CS|TAMS 0x0000000704e00000| PB 0x0000000704e00000| Complete 

Card table byte_map: [0x0000000108b41000,0x0000000109341000] _byte_map_base: 0x0000000105341000

Marking Bits: (CMBitMap*) 0x00007fb3a900d610
 Bits: [0x0000000121b4a000, 0x0000000125b4a000)

Polling page: 0x0000000107d2c000

Metaspace:

Usage:
  Non-class:     55.75 MB used.
      Class:      7.82 MB used.
       Both:     63.57 MB used.

Virtual space:
  Non-class space:       64.00 MB reserved,      56.25 MB ( 88%) committed,  1 nodes.
      Class space:        1.00 GB reserved,       8.25 MB ( <1%) committed,  1 nodes.
             Both:        1.06 GB reserved,      64.50 MB (  6%) committed. 

Chunk freelists:
   Non-Class:  7.72 MB
       Class:  7.80 MB
        Both:  15.52 MB

MaxMetaspaceSize: unlimited
CompressedClassSpaceSize: 1.00 GB
Initial GC threshold: 21.00 MB
Current GC threshold: 107.44 MB
CDS: on
 - commit_granule_bytes: 65536.
 - commit_granule_words: 8192.
 - virtual_space_node_default_size: 8388608.
 - enlarge_chunks_in_place: 1.
 - use_allocation_guard: 0.


Internal statistics:

num_allocs_failed_limit: 9.
num_arena_births: 1074.
num_arena_deaths: 34.
num_vsnodes_births: 2.
num_vsnodes_deaths: 0.
num_space_committed: 1032.
num_space_uncommitted: 0.
num_chunks_returned_to_freelist: 46.
num_chunks_taken_from_freelist: 3635.
num_chunk_merges: 9.
num_chunk_splits: 2473.
num_chunks_enlarged: 1808.
num_inconsistent_stats: 0.

CodeHeap 'non-profiled nmethods': size=120028Kb used=6322Kb max_used=6322Kb free=113705Kb
 bounds [0x000000011a613000, 0x000000011ac43000, 0x0000000121b4a000]
CodeHeap 'profiled nmethods': size=120028Kb used=12660Kb max_used=13092Kb free=107367Kb
 bounds [0x0000000112b4a000, 0x000000011383a000, 0x000000011a081000]
CodeHeap 'non-nmethods': size=5704Kb used=1612Kb max_used=1695Kb free=4091Kb
 bounds [0x000000011a081000, 0x000000011a2f1000, 0x000000011a613000]
 total_blobs=7347 nmethods=6705 adapters=547
 compilation: enabled
              stopped_count=0, restarted_count=0
 full_count=0

Compilation events (20 events):
Event: 2147.284 Thread 0x00007fb3a9829000 nmethod 11721 0x0000000113393410 code [0x00000001133935e0, 0x00000001133938c0]
Event: 2147.284 Thread 0x00007fb3a9829000 11722       3       java.security.Provider$Service::getDefaultConstructor (84 bytes)
Event: 2147.285 Thread 0x00007fb3a9829000 nmethod 11722 0x000000011314fa10 code [0x000000011314fc60, 0x0000000113150a60]
Event: 2147.302 Thread 0x00007fb3a700bc00 nmethod 11601 0x000000011ac2e490 code [0x000000011ac2ed20, 0x000000011ac36d38]
Event: 2147.304 Thread 0x00007fb3a700bc00 11612   !   4       java.net.URL::getURLStreamHandler (191 bytes)
Event: 2147.313 Thread 0x00007fb3a700bc00 nmethod 11612 0x000000011ac3a810 code [0x000000011ac3aac0, 0x000000011ac3ba40]
Event: 2147.313 Thread 0x00007fb3a700bc00 11626       4       java.lang.Class::getDeclaredConstructor (31 bytes)
Event: 2147.315 Thread 0x00007fb3a9829000 11723  s    3       java.util.Properties::remove (9 bytes)
Event: 2147.315 Thread 0x00007fb3a9829000 nmethod 11723 0x00000001133b3390 code [0x00000001133b3540, 0x00000001133b3860]
Event: 2147.326 Thread 0x00007fb3a700bc00 nmethod 11626 0x000000011ac3c290 code [0x000000011ac3c4c0, 0x000000011ac3d098]
Event: 2147.326 Thread 0x00007fb3a700bc00 11711       4       org.springframework.beans.factory.support.AbstractBeanFactory$$Lambda/0x0000000129392c80::accept (16 bytes)
Event: 2147.333 Thread 0x00007fb3a700bc00 nmethod 11711 0x000000011ac3d890 code [0x000000011ac3da80, 0x000000011ac3e220]
Event: 2147.333 Thread 0x00007fb3a700bc00 11602       4       org.springframework.core.type.classreading.SimpleAnnotationMetadata::getInterfaceNames (8 bytes)
Event: 2147.334 Thread 0x00007fb3a700bc00 nmethod 11602 0x000000011ac3e990 code [0x000000011ac3eb20, 0x000000011ac3ec50]
Event: 2147.334 Thread 0x00007fb3a700bc00 11696       4       net.bytebuddy.description.method.MethodList$ForLoadedMethods::size (20 bytes)
Event: 2147.334 Thread 0x00007fb3a700bc00 nmethod 11696 0x000000011ac3ed90 code [0x000000011ac3ef20, 0x000000011ac3f008]
Event: 2147.334 Thread 0x00007fb3a700bc00 11608       4       java.util.Comparator::reversed (5 bytes)
Event: 2147.335 Thread 0x00007fb3a700bc00 nmethod 11608 0x000000011ac3f110 code [0x000000011ac3f2a0, 0x000000011ac3f358]
Event: 2147.335 Thread 0x00007fb3a700bc00 11712       4       sun.reflect.annotation.AnnotationParser::lambda$parseClassArray$0 (7 bytes)
Event: 2147.336 Thread 0x00007fb3a700bc00 nmethod 11712 0x000000011ac3f410 code [0x000000011ac3f5c0, 0x000000011ac3f770]

GC Heap History (20 events):
Event: 1112.030 GC heap after
{Heap after GC invocations=36 (full 10):
 garbage-first heap   total 81920K, used 24405K [0x0000000700000000, 0x0000000800000000)
  region size 2048K, 0 young (0K), 0 survivors (0K)
 Metaspace       used 63947K, committed 64832K, reserved 1114112K
  class space    used 7941K, committed 8320K, reserved 1048576K
}
Event: 1112.338 GC heap before
{Heap before GC invocations=36 (full 10):
 garbage-first heap   total 81920K, used 65365K [0x0000000700000000, 0x0000000800000000)
  region size 2048K, 20 young (40960K), 0 survivors (0K)
 Metaspace       used 64057K, committed 64896K, reserved 1114112K
  class space    used 7950K, committed 8320K, reserved 1048576K
}
Event: 1112.341 GC heap after
{Heap after GC invocations=37 (full 10):
 garbage-first heap   total 81920K, used 28726K [0x0000000700000000, 0x0000000800000000)
  region size 2048K, 3 young (6144K), 3 survivors (6144K)
 Metaspace       used 64057K, committed 64896K, reserved 1114112K
  class space    used 7950K, committed 8320K, reserved 1048576K
}
Event: 1497.482 GC heap before
{Heap before GC invocations=37 (full 10):
 garbage-first heap   total 81920K, used 63542K [0x0000000700000000, 0x0000000800000000)
  region size 2048K, 20 young (40960K), 3 survivors (6144K)
 Metaspace       used 64169K, committed 64960K, reserved 1114112K
  class space    used 7955K, committed 8320K, reserved 1048576K
}
Event: 1497.487 GC heap after
{Heap after GC invocations=38 (full 10):
 garbage-first heap   total 81920K, used 28791K [0x0000000700000000, 0x0000000800000000)
  region size 2048K, 1 young (2048K), 1 survivors (2048K)
 Metaspace       used 64169K, committed 64960K, reserved 1114112K
  class space    used 7955K, committed 8320K, reserved 1048576K
}
Event: 1854.453 GC heap before
{Heap before GC invocations=38 (full 10):
 garbage-first heap   total 81920K, used 51319K [0x0000000700000000, 0x0000000800000000)
  region size 2048K, 13 young (26624K), 1 survivors (2048K)
 Metaspace       used 64215K, committed 65024K, reserved 1114112K
  class space    used 7956K, committed 8320K, reserved 1048576K
}
Event: 1854.504 GC heap after
{Heap after GC invocations=39 (full 11):
 garbage-first heap   total 81920K, used 25011K [0x0000000700000000, 0x0000000800000000)
  region size 2048K, 0 young (0K), 0 survivors (0K)
 Metaspace       used 64212K, committed 65024K, reserved 1114112K
  class space    used 7955K, committed 8320K, reserved 1048576K
}
Event: 1854.824 GC heap before
{Heap before GC invocations=39 (full 11):
 garbage-first heap   total 81920K, used 68019K [0x0000000700000000, 0x0000000800000000)
  region size 2048K, 21 young (43008K), 0 survivors (0K)
 Metaspace       used 64355K, committed 65280K, reserved 1114112K
  class space    used 7965K, committed 8384K, reserved 1048576K
}
Event: 1854.827 GC heap after
{Heap after GC invocations=40 (full 11):
 garbage-first heap   total 81920K, used 29473K [0x0000000700000000, 0x0000000800000000)
  region size 2048K, 3 young (6144K), 3 survivors (6144K)
 Metaspace       used 64355K, committed 65280K, reserved 1114112K
  class space    used 7965K, committed 8384K, reserved 1048576K
}
Event: 1888.629 GC heap before
{Heap before GC invocations=40 (full 11):
 garbage-first heap   total 81920K, used 39713K [0x0000000700000000, 0x0000000800000000)
  region size 2048K, 9 young (18432K), 3 survivors (6144K)
 Metaspace       used 64474K, committed 65408K, reserved 1114112K
  class space    used 7970K, committed 8384K, reserved 1048576K
}
Event: 1888.679 GC heap after
{Heap after GC invocations=41 (full 12):
 garbage-first heap   total 81920K, used 24764K [0x0000000700000000, 0x0000000800000000)
  region size 2048K, 0 young (0K), 0 survivors (0K)
 Metaspace       used 64472K, committed 65408K, reserved 1114112K
  class space    used 7970K, committed 8384K, reserved 1048576K
}
Event: 1888.978 GC heap before
{Heap before GC invocations=41 (full 12):
 garbage-first heap   total 81920K, used 63676K [0x0000000700000000, 0x0000000800000000)
  region size 2048K, 20 young (40960K), 0 survivors (0K)
 Metaspace       used 64578K, committed 65472K, reserved 1114112K
  class space    used 7978K, committed 8384K, reserved 1048576K
}
Event: 1888.981 GC heap after
{Heap after GC invocations=42 (full 12):
 garbage-first heap   total 81920K, used 29405K [0x0000000700000000, 0x0000000800000000)
  region size 2048K, 3 young (6144K), 3 survivors (6144K)
 Metaspace       used 64578K, committed 65472K, reserved 1114112K
  class space    used 7978K, committed 8384K, reserved 1048576K
}
Event: 2013.628 GC heap before
{Heap before GC invocations=42 (full 12):
 garbage-first heap   total 81920K, used 47837K [0x0000000700000000, 0x0000000800000000)
  region size 2048K, 13 young (26624K), 3 survivors (6144K)
 Metaspace       used 64789K, committed 65664K, reserved 1114112K
  class space    used 7989K, committed 8384K, reserved 1048576K
}
Event: 2013.665 GC heap after
{Heap after GC invocations=43 (full 13):
 garbage-first heap   total 81920K, used 25411K [0x0000000700000000, 0x0000000800000000)
  region size 2048K, 0 young (0K), 0 survivors (0K)
 Metaspace       used 64786K, committed 65664K, reserved 1114112K
  class space    used 7988K, committed 8384K, reserved 1048576K
}
Event: 2013.965 GC heap before
{Heap before GC invocations=43 (full 13):
 garbage-first heap   total 81920K, used 64323K [0x0000000700000000, 0x0000000800000000)
  region size 2048K, 20 young (40960K), 0 survivors (0K)
 Metaspace       used 64879K, committed 65728K, reserved 1114112K
  class space    used 7997K, committed 8384K, reserved 1048576K
}
Event: 2013.968 GC heap after
{Heap after GC invocations=44 (full 13):
 garbage-first heap   total 81920K, used 30190K [0x0000000700000000, 0x0000000800000000)
  region size 2048K, 3 young (6144K), 3 survivors (6144K)
 Metaspace       used 64879K, committed 65728K, reserved 1114112K
  class space    used 7997K, committed 8384K, reserved 1048576K
}
Event: 2146.707 GC heap before
{Heap before GC invocations=44 (full 13):
 garbage-first heap   total 81920K, used 48622K [0x0000000700000000, 0x0000000800000000)
  region size 2048K, 13 young (26624K), 3 survivors (6144K)
 Metaspace       used 64975K, committed 65984K, reserved 1114112K
  class space    used 8001K, committed 8448K, reserved 1048576K
}
Event: 2146.760 GC heap after
{Heap after GC invocations=45 (full 14):
 garbage-first heap   total 81920K, used 25073K [0x0000000700000000, 0x0000000800000000)
  region size 2048K, 0 young (0K), 0 survivors (0K)
 Metaspace       used 64972K, committed 65984K, reserved 1114112K
  class space    used 8000K, committed 8448K, reserved 1048576K
}
Event: 2213.685 GC heap before
{Heap before GC invocations=45 (full 14):
 garbage-first heap   total 81920K, used 63985K [0x0000000700000000, 0x0000000800000000)
  region size 2048K, 20 young (40960K), 0 survivors (0K)
 Metaspace       used 65093K, committed 66048K, reserved 1114112K
  class space    used 8009K, committed 8448K, reserved 1048576K
}

Dll operation events (20 events):
Event: 2.606 Loading shared library /System/Library/Java/Extensions/libtcnative-1.jnilib failed, dlopen(/System/Library/Java/Extensions/libtcnative-1.jnilib, 0x0001): tried: '/System/Library/Java/Extensions/libtcnative-1.jnilib' (no such file), '/System/Volumes/Preboo
Event: 2.606 Loading shared library /usr/lib/java/libtcnative-1.dylib failed, dlopen(/usr/lib/java/libtcnative-1.dylib, 0x0001): tried: '/usr/lib/java/libtcnative-1.dylib' (no such file), '/System/Volumes/Preboot/Cryptexes/OS/usr/lib/java/libtcnative-1.dylib' (no such
Event: 2.606 Loading shared library /usr/lib/java/libtcnative-1.jnilib failed, dlopen(/usr/lib/java/libtcnative-1.jnilib, 0x0001): tried: '/usr/lib/java/libtcnative-1.jnilib' (no such file), '/System/Volumes/Preboot/Cryptexes/OS/usr/lib/java/libtcnative-1.jnilib' (no 
Event: 2.606 Loading shared library /Users/yeonguksong/eclipse-workspace/pt-restful-hibernate/libtcnative-1.dylib failed, dlopen(/Users/yeonguksong/eclipse-workspace/pt-restful-hibernate/libtcnative-1.dylib, 0x0001): tried: '/Users/yeonguksong/eclipse-workspace/pt-res
Event: 2.606 Loading shared library /Users/yeonguksong/eclipse-workspace/pt-restful-hibernate/libtcnative-1.jnilib failed, dlopen(/Users/yeonguksong/eclipse-workspace/pt-restful-hibernate/libtcnative-1.jnilib, 0x0001): tried: '/Users/yeonguksong/eclipse-workspace/pt-r
Event: 2.607 Loading shared library /Library/Java/JavaVirtualMachines/jdk-21.jdk/Contents/Home/lib/liblibtcnative-1.dylib failed, dlopen(/Library/Java/JavaVirtualMachines/jdk-21.jdk/Contents/Home/lib/liblibtcnative-1.dylib, 0x0001): tried: '/Library/Java/JavaVirtualMa
Event: 2.607 Loading shared library /Library/Java/JavaVirtualMachines/jdk-21.jdk/Contents/Home/lib/liblibtcnative-1.jnilib failed, dlopen(/Library/Java/JavaVirtualMachines/jdk-21.jdk/Contents/Home/lib/liblibtcnative-1.jnilib, 0x0001): tried: '/Library/Java/JavaVirtual
Event: 2.607 Loading shared library /Users/yeonguksong/Library/Java/Extensions/liblibtcnative-1.dylib failed, dlopen(/Users/yeonguksong/Library/Java/Extensions/liblibtcnative-1.dylib, 0x0001): tried: '/Users/yeonguksong/Library/Java/Extensions/liblibtcnative-1.dylib' 
Event: 2.608 Loading shared library /Users/yeonguksong/Library/Java/Extensions/liblibtcnative-1.jnilib failed, dlopen(/Users/yeonguksong/Library/Java/Extensions/liblibtcnative-1.jnilib, 0x0001): tried: '/Users/yeonguksong/Library/Java/Extensions/liblibtcnative-1.jnili
Event: 2.608 Loading shared library /Library/Java/Extensions/liblibtcnative-1.dylib failed, dlopen(/Library/Java/Extensions/liblibtcnative-1.dylib, 0x0001): tried: '/Library/Java/Extensions/liblibtcnative-1.dylib' (no such file), '/System/Volumes/Preboot/Cryptexes/OS/
Event: 2.608 Loading shared library /Library/Java/Extensions/liblibtcnative-1.jnilib failed, dlopen(/Library/Java/Extensions/liblibtcnative-1.jnilib, 0x0001): tried: '/Library/Java/Extensions/liblibtcnative-1.jnilib' (no such file), '/System/Volumes/Preboot/Cryptexes/
Event: 2.608 Loading shared library /Network/Library/Java/Extensions/liblibtcnative-1.dylib failed, dlopen(/Network/Library/Java/Extensions/liblibtcnative-1.dylib, 0x0001): tried: '/Network/Library/Java/Extensions/liblibtcnative-1.dylib' (no such file), '/System/Volum
Event: 2.608 Loading shared library /Network/Library/Java/Extensions/liblibtcnative-1.jnilib failed, dlopen(/Network/Library/Java/Extensions/liblibtcnative-1.jnilib, 0x0001): tried: '/Network/Library/Java/Extensions/liblibtcnative-1.jnilib' (no such file), '/System/Vo
Event: 2.608 Loading shared library /System/Library/Java/Extensions/liblibtcnative-1.dylib failed, dlopen(/System/Library/Java/Extensions/liblibtcnative-1.dylib, 0x0001): tried: '/System/Library/Java/Extensions/liblibtcnative-1.dylib' (no such file), '/System/Volumes/
Event: 2.608 Loading shared library /System/Library/Java/Extensions/liblibtcnative-1.jnilib failed, dlopen(/System/Library/Java/Extensions/liblibtcnative-1.jnilib, 0x0001): tried: '/System/Library/Java/Extensions/liblibtcnative-1.jnilib' (no such file), '/System/Volum
Event: 2.608 Loading shared library /usr/lib/java/liblibtcnative-1.dylib failed, dlopen(/usr/lib/java/liblibtcnative-1.dylib, 0x0001): tried: '/usr/lib/java/liblibtcnative-1.dylib' (no such file), '/System/Volumes/Preboot/Cryptexes/OS/usr/lib/java/liblibtcnative-1.dyl
Event: 2.608 Loading shared library /usr/lib/java/liblibtcnative-1.jnilib failed, dlopen(/usr/lib/java/liblibtcnative-1.jnilib, 0x0001): tried: '/usr/lib/java/liblibtcnative-1.jnilib' (no such file), '/System/Volumes/Preboot/Cryptexes/OS/usr/lib/java/liblibtcnative-1.
Event: 2.609 Loading shared library /Users/yeonguksong/eclipse-workspace/pt-restful-hibernate/liblibtcnative-1.dylib failed, dlopen(/Users/yeonguksong/eclipse-workspace/pt-restful-hibernate/liblibtcnative-1.dylib, 0x0001): tried: '/Users/yeonguksong/eclipse-workspace/
Event: 2.609 Loading shared library /Users/yeonguksong/eclipse-workspace/pt-restful-hibernate/liblibtcnative-1.jnilib failed, dlopen(/Users/yeonguksong/eclipse-workspace/pt-restful-hibernate/liblibtcnative-1.jnilib, 0x0001): tried: '/Users/yeonguksong/eclipse-workspac
Event: 4.621 Loaded shared library /Library/Java/JavaVirtualMachines/jdk-21.jdk/Contents/Home/lib/libextnet.dylib

Deoptimization events (20 events):
Event: 2147.049 Thread 0x00007fb3ab831800 Uncommon trap: trap_request=0xffffff97 fr.pc=0x000000011a809248 relative=0x0000000000000f48
Event: 2147.049 Thread 0x00007fb3ab831800 Uncommon trap: reason=unhandled action=none pc=0x000000011a809248 method=java.net.URLClassLoader.findClass(Ljava/lang/String;)Ljava/lang/Class; @ 44 c2
Event: 2147.049 Thread 0x00007fb3ab831800 DEOPT PACKING pc=0x000000011a809248 sp=0x000070000b3d96e0
Event: 2147.049 Thread 0x00007fb3ab831800 DEOPT UNPACKING pc=0x000000011a0d4f99 sp=0x000070000b3d9660 mode 2
Event: 2147.050 Thread 0x00007fb3ab831800 DEOPT PACKING pc=0x000000011ac113a8 sp=0x000070000b3d9770
Event: 2147.050 Thread 0x00007fb3ab831800 DEOPT UNPACKING pc=0x000000011a0d572f sp=0x000070000b3d8c30 mode 1
Event: 2147.050 Thread 0x00007fb3ab831800 Uncommon trap: trap_request=0xffffff97 fr.pc=0x000000011a809248 relative=0x0000000000000f48
Event: 2147.050 Thread 0x00007fb3ab831800 Uncommon trap: reason=unhandled action=none pc=0x000000011a809248 method=java.net.URLClassLoader.findClass(Ljava/lang/String;)Ljava/lang/Class; @ 44 c2
Event: 2147.050 Thread 0x00007fb3ab831800 DEOPT PACKING pc=0x000000011a809248 sp=0x000070000b3d94f0
Event: 2147.050 Thread 0x00007fb3ab831800 DEOPT UNPACKING pc=0x000000011a0d4f99 sp=0x000070000b3d9470 mode 2
Event: 2147.050 Thread 0x00007fb3ab831800 DEOPT PACKING pc=0x000000011ac113a8 sp=0x000070000b3d9580
Event: 2147.050 Thread 0x00007fb3ab831800 DEOPT UNPACKING pc=0x000000011a0d572f sp=0x000070000b3d8a40 mode 1
Event: 2147.050 Thread 0x00007fb3ab831800 Uncommon trap: trap_request=0xffffff97 fr.pc=0x000000011a809248 relative=0x0000000000000f48
Event: 2147.050 Thread 0x00007fb3ab831800 Uncommon trap: reason=unhandled action=none pc=0x000000011a809248 method=java.net.URLClassLoader.findClass(Ljava/lang/String;)Ljava/lang/Class; @ 44 c2
Event: 2147.050 Thread 0x00007fb3ab831800 DEOPT PACKING pc=0x000000011a809248 sp=0x000070000b3d94d0
Event: 2147.050 Thread 0x00007fb3ab831800 DEOPT UNPACKING pc=0x000000011a0d4f99 sp=0x000070000b3d9450 mode 2
Event: 2147.050 Thread 0x00007fb3ab831800 DEOPT PACKING pc=0x000000011ac113a8 sp=0x000070000b3d9560
Event: 2147.050 Thread 0x00007fb3ab831800 DEOPT UNPACKING pc=0x000000011a0d572f sp=0x000070000b3d8a20 mode 1
Event: 2150.292 Thread 0x00007fb3ab831800 DEOPT PACKING pc=0x0000000112fcf78c sp=0x000070000b3da560
Event: 2150.292 Thread 0x00007fb3ab831800 DEOPT UNPACKING pc=0x000000011a0d572f sp=0x000070000b3d9a38 mode 0

Classes loaded (20 events):
Event: 139.336 Loading class java/util/WeakHashMap$KeyIterator
Event: 139.336 Loading class java/util/WeakHashMap$HashIterator
Event: 139.336 Loading class java/util/WeakHashMap$HashIterator done
Event: 139.336 Loading class java/util/WeakHashMap$KeyIterator done
Event: 139.375 Loading class java/lang/ref/Finalizer$2
Event: 139.375 Loading class java/lang/ref/Finalizer$2 done
Event: 139.375 Loading class java/lang/ref/Finalizer$1
Event: 139.376 Loading class java/lang/ref/Finalizer$1 done
Event: 139.751 Loading class java/util/WeakHashMap$EntrySet
Event: 139.751 Loading class java/util/WeakHashMap$EntrySet done
Event: 139.751 Loading class java/util/WeakHashMap$EntryIterator
Event: 139.751 Loading class java/util/WeakHashMap$EntryIterator done
Event: 275.796 Loading class java/lang/foreign/MemorySegment
Event: 275.797 Loading class java/lang/foreign/MemorySegment done
Event: 755.212 Loading class java/security/AllPermissionCollection
Event: 755.212 Loading class java/security/AllPermissionCollection done
Event: 755.215 Loading class java/lang/invoke/WrongMethodTypeException
Event: 755.215 Loading class java/lang/invoke/WrongMethodTypeException done
Event: 1943.504 Loading class java/util/ArrayList$SubList$2
Event: 1943.504 Loading class java/util/ArrayList$SubList$2 done

Classes unloaded (17 events):
Event: 148.713 Thread 0x00007fb3a7c089e0 Unloading class 0x00000001297cc000 'org/apache/catalina/loader/JdbcLeakPrevention'
Event: 191.081 Thread 0x00007fb3a7c089e0 Unloading class 0x00000001297d2800 'org/apache/catalina/loader/JdbcLeakPrevention'
Event: 223.315 Thread 0x00007fb3a7c089e0 Unloading class 0x00000001297d9800 'org/apache/catalina/loader/JdbcLeakPrevention'
Event: 275.724 Thread 0x00007fb3a7c089e0 Unloading class 0x00000001297dd800 'org/apache/catalina/loader/JdbcLeakPrevention'
Event: 300.838 Thread 0x00007fb3a7c089e0 Unloading class 0x00000001297e4800 'org/apache/catalina/loader/JdbcLeakPrevention'
Event: 371.300 Thread 0x00007fb3a7c089e0 Unloading class 0x00000001297ec800 'org/apache/catalina/loader/JdbcLeakPrevention'
Event: 411.553 Thread 0x00007fb3a7c089e0 Unloading class 0x00000001297f4000 'org/apache/catalina/loader/JdbcLeakPrevention'
Event: 754.741 Thread 0x00007fb3a7c089e0 Unloading class 0x00000001297f8000 'org/apache/catalina/loader/JdbcLeakPrevention'
Event: 1111.997 Thread 0x00007fb3a7c089e0 Unloading class 0x0000000129814000 'org/apache/catalina/loader/JdbcLeakPrevention'
Event: 1111.997 Thread 0x00007fb3a7c089e0 Unloading class 0x000000012980e000 'org/apache/catalina/loader/JdbcLeakPrevention'
Event: 1111.997 Thread 0x00007fb3a7c089e0 Unloading class 0x000000012980b000 'org/apache/catalina/loader/JdbcLeakPrevention'
Event: 1111.997 Thread 0x00007fb3a7c089e0 Unloading class 0x0000000129800000 'org/apache/catalina/loader/JdbcLeakPrevention'
Event: 1111.997 Thread 0x00007fb3a7c089e0 Unloading class 0x00000001297fc000 'org/apache/catalina/loader/JdbcLeakPrevention'
Event: 1854.472 Thread 0x00007fb3a7c089e0 Unloading class 0x000000012981a000 'org/apache/catalina/loader/JdbcLeakPrevention'
Event: 1888.647 Thread 0x00007fb3a7c089e0 Unloading class 0x000000012981a800 'org/apache/catalina/loader/JdbcLeakPrevention'
Event: 2013.641 Thread 0x00007fb3a7c089e0 Unloading class 0x0000000129821800 'org/apache/catalina/loader/JdbcLeakPrevention'
Event: 2146.725 Thread 0x00007fb3a7c089e0 Unloading class 0x000000012982c800 'org/apache/catalina/loader/JdbcLeakPrevention'

Classes redefined (0 events):
No events

Internal exceptions (20 events):
Event: 2013.628 Thread 0x00007fb3afd5ba00 Exception <a 'java/lang/InterruptedException'{0x0000000703cef640}: sleep interrupted> (0x0000000703cef640) 
thrown [open/src/hotspot/share/prims/jvm.cpp, line 3074]
Event: 2013.674 Thread 0x00007fb3a711c200 Exception <a 'sun/nio/fs/UnixException'{0x0000000704e61d48}> (0x0000000704e61d48) 
thrown [open/src/hotspot/share/prims/jni.cpp, line 520]
Event: 2013.841 Thread 0x00007fb3a711c200 Exception <a 'java/lang/NoClassDefFoundError'{0x0000000703ad65e8}: org/flywaydb/core/Flyway> (0x0000000703ad65e8) 
thrown [open/src/hotspot/share/oops/constantPool.cpp, line 873]
Event: 2013.842 Thread 0x00007fb3a711c200 Exception <a 'java/lang/NoClassDefFoundError'{0x0000000703ad6c48}: liquibase/integration/spring/SpringLiquibase> (0x0000000703ad6c48) 
thrown [open/src/hotspot/share/oops/constantPool.cpp, line 873]
Event: 2013.845 Thread 0x00007fb3a711c200 Exception <a 'java/lang/NoClassDefFoundError'{0x0000000703b23d90}: org/jooq/DSLContext> (0x0000000703b23d90) 
thrown [open/src/hotspot/share/oops/constantPool.cpp, line 873]
Event: 2013.847 Thread 0x00007fb3a711c200 Exception <a 'java/lang/NoClassDefFoundError'{0x0000000703b2ac50}: org/springframework/batch/core/repository/JobRepository> (0x0000000703b2ac50) 
thrown [open/src/hotspot/share/oops/constantPool.cpp, line 873]
Event: 2013.847 Thread 0x00007fb3a711c200 Exception <a 'java/lang/NoClassDefFoundError'{0x0000000703b2b2a8}: org/quartz/Scheduler> (0x0000000703b2b2a8) 
thrown [open/src/hotspot/share/oops/constantPool.cpp, line 873]
Event: 2013.848 Thread 0x00007fb3a711c200 Exception <a 'java/lang/NoClassDefFoundError'{0x0000000703b2b928}: org/springframework/session/jdbc/JdbcIndexedSessionRepository> (0x0000000703b2b928) 
thrown [open/src/hotspot/share/oops/constantPool.cpp, line 873]
Event: 2013.883 Thread 0x00007fb3a711c200 Exception <a 'java/io/FileNotFoundException'{0x00000007034c4e68}> (0x00000007034c4e68) 
thrown [open/src/hotspot/share/prims/jni.cpp, line 520]
Event: 2013.892 Thread 0x00007fb3a711c200 Exception <a 'java/io/FileNotFoundException'{0x0000000703278d28}> (0x0000000703278d28) 
thrown [open/src/hotspot/share/prims/jni.cpp, line 520]
Event: 2146.707 Thread 0x00007fb3a7701200 Exception <a 'java/lang/InterruptedException'{0x0000000703c23588}: sleep interrupted> (0x0000000703c23588) 
thrown [open/src/hotspot/share/prims/jvm.cpp, line 3074]
Event: 2146.772 Thread 0x00007fb3ab831800 Exception <a 'sun/nio/fs/UnixException'{0x0000000704e61300}> (0x0000000704e61300) 
thrown [open/src/hotspot/share/prims/jni.cpp, line 520]
Event: 2146.954 Thread 0x00007fb3ab831800 Exception <a 'java/lang/NoClassDefFoundError'{0x0000000703ae7a30}: org/flywaydb/core/Flyway> (0x0000000703ae7a30) 
thrown [open/src/hotspot/share/oops/constantPool.cpp, line 873]
Event: 2146.955 Thread 0x00007fb3ab831800 Exception <a 'java/lang/NoClassDefFoundError'{0x0000000703ae8090}: liquibase/integration/spring/SpringLiquibase> (0x0000000703ae8090) 
thrown [open/src/hotspot/share/oops/constantPool.cpp, line 873]
Event: 2146.958 Thread 0x00007fb3ab831800 Exception <a 'java/lang/NoClassDefFoundError'{0x0000000703b359b8}: org/jooq/DSLContext> (0x0000000703b359b8) 
thrown [open/src/hotspot/share/oops/constantPool.cpp, line 873]
Event: 2146.959 Thread 0x00007fb3ab831800 Exception <a 'java/lang/NoClassDefFoundError'{0x0000000703b3c628}: org/springframework/batch/core/repository/JobRepository> (0x0000000703b3c628) 
thrown [open/src/hotspot/share/oops/constantPool.cpp, line 873]
Event: 2146.960 Thread 0x00007fb3ab831800 Exception <a 'java/lang/NoClassDefFoundError'{0x0000000703b3cc80}: org/quartz/Scheduler> (0x0000000703b3cc80) 
thrown [open/src/hotspot/share/oops/constantPool.cpp, line 873]
Event: 2146.960 Thread 0x00007fb3ab831800 Exception <a 'java/lang/NoClassDefFoundError'{0x0000000703b3d300}: org/springframework/session/jdbc/JdbcIndexedSessionRepository> (0x0000000703b3d300) 
thrown [open/src/hotspot/share/oops/constantPool.cpp, line 873]
Event: 2146.996 Thread 0x00007fb3ab831800 Exception <a 'java/io/FileNotFoundException'{0x00000007034d43a0}> (0x00000007034d43a0) 
thrown [open/src/hotspot/share/prims/jni.cpp, line 520]
Event: 2147.005 Thread 0x00007fb3ab831800 Exception <a 'java/io/FileNotFoundException'{0x0000000703288648}> (0x0000000703288648) 
thrown [open/src/hotspot/share/prims/jni.cpp, line 520]

ZGC Phase Switch (0 events):
No events

VM Operations (20 events):
Event: 2150.384 Executing VM operation: get/set locals done
Event: 2150.385 Executing VM operation: get/set locals
Event: 2150.385 Executing VM operation: get/set locals done
Event: 2150.385 Executing VM operation: get/set locals
Event: 2150.385 Executing VM operation: get/set locals done
Event: 2150.386 Executing VM operation: get/set locals
Event: 2150.386 Executing VM operation: get/set locals done
Event: 2150.386 Executing VM operation: get/set locals
Event: 2150.386 Executing VM operation: get/set locals done
Event: 2150.387 Executing VM operation: get/set locals
Event: 2150.387 Executing VM operation: get/set locals done
Event: 2150.387 Executing VM operation: get/set locals
Event: 2150.387 Executing VM operation: get/set locals done
Event: 2150.388 Executing VM operation: get/set locals
Event: 2150.388 Executing VM operation: get/set locals done
Event: 2165.370 Executing VM operation: HandshakeAllThreads (HandshakeForDeflation)
Event: 2165.370 Executing VM operation: HandshakeAllThreads (HandshakeForDeflation) done
Event: 2165.370 Executing VM operation: RendezvousGCThreads
Event: 2165.370 Executing VM operation: RendezvousGCThreads done
Event: 2213.685 Executing VM operation: G1CollectForAllocation (G1 Evacuation Pause)

Events (20 events):
Event: 2146.761 Protecting memory [0x000070000b2dc000,0x000070000b2e0000] with protection modes 3
Event: 2146.761 Thread 0x00007fb3ab831800 Thread exited: 0x00007fb3ab831800
Event: 2146.761 Thread 0x00007fb3ab831800 Thread added: 0x00007fb3ab831800
Event: 2146.761 Protecting memory [0x000070000b2dc000,0x000070000b2e0000] with protection modes 0
Event: 2146.806 Thread 0x00007fb3a91aee00 Thread added: 0x00007fb3a91aee00
Event: 2146.806 Protecting memory [0x000070000b3df000,0x000070000b3e3000] with protection modes 0
Event: 2146.837 Protecting memory [0x000070000b3df000,0x000070000b3e3000] with protection modes 3
Event: 2146.837 Thread 0x00007fb3a91aee00 Thread exited: 0x00007fb3a91aee00
Event: 2147.006 Thread 0x00007fb3a91aee00 Thread added: 0x00007fb3a91aee00
Event: 2147.006 Protecting memory [0x000070000b3df000,0x000070000b3e3000] with protection modes 0
Event: 2147.006 Thread 0x00007fb3a9779c00 Thread added: 0x00007fb3a9779c00
Event: 2147.006 Protecting memory [0x000070000b4e2000,0x000070000b4e6000] with protection modes 0
Event: 2147.006 Thread 0x00007fb3a8924a00 Thread added: 0x00007fb3a8924a00
Event: 2147.006 Protecting memory [0x000070000b5e5000,0x000070000b5e9000] with protection modes 0
Event: 2147.020 Thread 0x00007fb3a9c4ee00 Thread added: 0x00007fb3a9c4ee00
Event: 2147.020 Protecting memory [0x000070000b7eb000,0x000070000b7ef000] with protection modes 0
Event: 2147.122 Thread 0x00007fb3a8810c00 Thread added: 0x00007fb3a8810c00
Event: 2147.122 Protecting memory [0x000070000b8ee000,0x000070000b8f2000] with protection modes 0
Event: 2152.417 Protecting memory [0x000070000b8ee000,0x000070000b8f2000] with protection modes 3
Event: 2152.417 Thread 0x00007fb3a8810c00 Thread exited: 0x00007fb3a8810c00


Dynamic libraries:
0x0000000107d30000 	/Library/Java/JavaVirtualMachines/jdk-21.jdk/Contents/Home/lib/libjli.dylib
0x00007ff811d5e000 	/usr/lib/libz.1.dylib
0x00007ff811e40000 	/usr/lib/libSystem.B.dylib
0x00007ff811e3a000 	/usr/lib/system/libcache.dylib
0x00007ff811df6000 	/usr/lib/system/libcommonCrypto.dylib
0x00007ff811e1e000 	/usr/lib/system/libcompiler_rt.dylib
0x00007ff811e13000 	/usr/lib/system/libcopyfile.dylib
0x00007ff804906000 	/usr/lib/system/libcorecrypto.dylib
0x00007ff8049fd000 	/usr/lib/system/libdispatch.dylib
0x00007ff804ba7000 	/usr/lib/system/libdyld.dylib
0x00007ff811e30000 	/usr/lib/system/libkeymgr.dylib
0x00007ff811dd7000 	/usr/lib/system/libmacho.dylib
0x00007ff81110c000 	/usr/lib/system/libquarantine.dylib
0x00007ff811e2e000 	/usr/lib/system/libremovefile.dylib
0x00007ff80a242000 	/usr/lib/system/libsystem_asl.dylib
0x00007ff8048a0000 	/usr/lib/system/libsystem_blocks.dylib
0x00007ff804a47000 	/usr/lib/system/libsystem_c.dylib
0x00007ff811e26000 	/usr/lib/system/libsystem_collections.dylib
0x00007ff81010d000 	/usr/lib/system/libsystem_configuration.dylib
0x00007ff80f139000 	/usr/lib/system/libsystem_containermanager.dylib
0x00007ff811a2e000 	/usr/lib/system/libsystem_coreservices.dylib
0x00007ff807dfd000 	/usr/lib/system/libsystem_darwin.dylib
0x00007ffc1e559000 	/usr/lib/system/libsystem_darwindirectory.dylib
0x00007ff811e31000 	/usr/lib/system/libsystem_dnssd.dylib
0x00007ffc1e55d000 	/usr/lib/system/libsystem_eligibility.dylib
0x00007ff804a44000 	/usr/lib/system/libsystem_featureflags.dylib
0x00007ff804bd7000 	/usr/lib/system/libsystem_info.dylib
0x00007ff811d72000 	/usr/lib/system/libsystem_m.dylib
0x00007ff8049bd000 	/usr/lib/system/libsystem_malloc.dylib
0x00007ff80a1b6000 	/usr/lib/system/libsystem_networkextension.dylib
0x00007ff808249000 	/usr/lib/system/libsystem_notify.dylib
0x00007ff810111000 	/usr/lib/system/libsystem_sandbox.dylib
0x00007ffc1e560000 	/usr/lib/system/libsystem_sanitizers.dylib
0x00007ff811e2b000 	/usr/lib/system/libsystem_secinit.dylib
0x00007ff804b60000 	/usr/lib/system/libsystem_kernel.dylib
0x00007ff804bcc000 	/usr/lib/system/libsystem_platform.dylib
0x00007ff804b9b000 	/usr/lib/system/libsystem_pthread.dylib
0x00007ff80bde5000 	/usr/lib/system/libsystem_symptoms.dylib
0x00007ff8048ec000 	/usr/lib/system/libsystem_trace.dylib
0x00007ff811e02000 	/usr/lib/system/libunwind.dylib
0x00007ff8048a4000 	/usr/lib/system/libxpc.dylib
0x00007ff804b4a000 	/usr/lib/libc++abi.dylib
0x00007ff8047cd000 	/usr/lib/libobjc.A.dylib
0x00007ff811e0b000 	/usr/lib/liboah.dylib
0x00007ff804acf000 	/usr/lib/libc++.1.dylib
0x00007ff81fc60000 	/System/Library/Frameworks/Cocoa.framework/Versions/A/Cocoa
0x00007ff8082ae000 	/System/Library/Frameworks/AppKit.framework/Versions/C/AppKit
0x00007ff80b53b000 	/System/Library/Frameworks/CoreData.framework/Versions/A/CoreData
0x00007ff805bd1000 	/System/Library/Frameworks/Foundation.framework/Versions/C/Foundation
0x00007ff8096dd000 	/System/Library/PrivateFrameworks/UIFoundation.framework/Versions/A/UIFoundation
0x00007ffb1309d000 	/System/Library/PrivateFrameworks/CollectionViewCore.framework/Versions/A/CollectionViewCore
0x00007ff819430000 	/System/Library/PrivateFrameworks/RemoteViewServices.framework/Versions/A/RemoteViewServices
0x00007ff80f915000 	/System/Library/PrivateFrameworks/XCTTargetBootstrap.framework/Versions/A/XCTTargetBootstrap
0x00007ff81482e000 	/System/Library/PrivateFrameworks/InternationalSupport.framework/Versions/A/InternationalSupport
0x00007ff814882000 	/System/Library/PrivateFrameworks/UserActivity.framework/Versions/A/UserActivity
0x00007ffc15b62000 	/System/Library/PrivateFrameworks/WindowManagement.framework/Versions/A/WindowManagement
0x00007ff805880000 	/System/Library/Frameworks/SystemConfiguration.framework/Versions/A/SystemConfiguration
0x00007ff813b9c000 	/usr/lib/libspindump.dylib
0x00007ff8098ba000 	/System/Library/Frameworks/UniformTypeIdentifiers.framework/Versions/A/UniformTypeIdentifiers
0x00007ff80d902000 	/usr/lib/libapp_launch_measurement.dylib
0x00007ff80ca8e000 	/System/Library/PrivateFrameworks/CoreAnalytics.framework/Versions/A/CoreAnalytics
0x00007ff80d905000 	/System/Library/PrivateFrameworks/CoreAutoLayout.framework/Versions/A/CoreAutoLayout
0x00007ff80f181000 	/System/Library/Frameworks/Metal.framework/Versions/A/Metal
0x00007ff81011d000 	/usr/lib/liblangid.dylib
0x00007ff80f91a000 	/System/Library/PrivateFrameworks/CoreSVG.framework/Versions/A/CoreSVG
0x00007ff80a277000 	/System/Library/PrivateFrameworks/SkyLight.framework/Versions/A/SkyLight
0x00007ff80a6d9000 	/System/Library/Frameworks/CoreGraphics.framework/Versions/A/CoreGraphics
0x00007ff819b04000 	/System/Library/Frameworks/Accelerate.framework/Versions/A/Accelerate
0x00007ff8139fc000 	/System/Library/PrivateFrameworks/IconServices.framework/Versions/A/IconServices
0x00007ff80f162000 	/System/Library/Frameworks/IOSurface.framework/Versions/A/IOSurface
0x00007ff80caba000 	/usr/lib/libDiagnosticMessagesClient.dylib
0x00007ff81d531000 	/System/Library/Frameworks/ApplicationServices.framework/Versions/A/ApplicationServices
0x00007ff80f902000 	/System/Library/PrivateFrameworks/DFRFoundation.framework/Versions/A/DFRFoundation
0x00007ff807b5c000 	/usr/lib/libicucore.A.dylib
0x00007ff8157d0000 	/System/Library/Frameworks/AudioToolbox.framework/Versions/A/AudioToolbox
0x00007ff81483d000 	/System/Library/PrivateFrameworks/DataDetectorsCore.framework/Versions/A/DataDetectorsCore
0x00007ff90e8fa000 	/System/Library/PrivateFrameworks/TextInput.framework/Versions/A/TextInput
0x00007ff80a1d0000 	/usr/lib/libMobileGestalt.dylib
0x00007ff80f667000 	/System/Library/Frameworks/Carbon.framework/Versions/A/Frameworks/HIToolbox.framework/Versions/A/HIToolbox
0x00007ff80d25e000 	/System/Library/Frameworks/QuartzCore.framework/Versions/A/QuartzCore
0x00007ff8077ae000 	/System/Library/Frameworks/Security.framework/Versions/A/Security
0x00007ff819468000 	/System/Library/Frameworks/Carbon.framework/Versions/A/Frameworks/SpeechRecognition.framework/Versions/A/SpeechRecognition
0x00007ff80d635000 	/System/Library/PrivateFrameworks/CoreUI.framework/Versions/A/CoreUI
0x00007ff807082000 	/System/Library/Frameworks/CoreAudio.framework/Versions/A/CoreAudio
0x00007ff80cb9a000 	/System/Library/Frameworks/DiskArbitration.framework/Versions/A/DiskArbitration
0x00007ff813fd3000 	/System/Library/PrivateFrameworks/MultitouchSupport.framework/Versions/A/MultitouchSupport
0x00007ff80a1cf000 	/usr/lib/libenergytrace.dylib
0x00007ff824065000 	/System/Library/PrivateFrameworks/RenderBox.framework/Versions/A/RenderBox
0x00007ff808185000 	/System/Library/Frameworks/IOKit.framework/Versions/A/IOKit
0x00007ff81983c000 	/System/Library/Frameworks/CoreServices.framework/Versions/A/CoreServices
0x00007ff80d89a000 	/System/Library/PrivateFrameworks/PerformanceAnalysis.framework/Versions/A/PerformanceAnalysis
0x00007ffa2132f000 	/System/Library/Frameworks/OpenGL.framework/Versions/A/OpenGL
0x00007ff80d94e000 	/usr/lib/libxml2.2.dylib
0x00007ff811031000 	/System/Library/PrivateFrameworks/MobileKeyBag.framework/Versions/A/MobileKeyBag
0x00007ff8197b8000 	/System/Library/Frameworks/Accessibility.framework/Versions/A/Accessibility
0x00007ff80ae95000 	/System/Library/Frameworks/ColorSync.framework/Versions/A/ColorSync
0x00007ff804c02000 	/System/Library/Frameworks/CoreFoundation.framework/Versions/A/CoreFoundation
0x00007ff80fc8a000 	/System/Library/Frameworks/CoreImage.framework/Versions/A/CoreImage
0x00007ff806e7b000 	/System/Library/Frameworks/CoreText.framework/Versions/A/CoreText
0x00007ffb09397000 	/System/Library/Frameworks/CoreTransferable.framework/Versions/A/CoreTransferable
0x00007ffb0979c000 	/System/Library/Frameworks/DeveloperToolsSupport.framework/Versions/A/DeveloperToolsSupport
0x00007ff80f953000 	/System/Library/Frameworks/ImageIO.framework/Versions/A/ImageIO
0x00007ffb0da36000 	/System/Library/Frameworks/Symbols.framework/Versions/A/Symbols
0x00007ff811e45000 	/System/Library/PrivateFrameworks/SoftLinking.framework/Versions/A/SoftLinking
0x00007ff815240000 	/usr/lib/swift/libswiftCore.dylib
0x00007ff90b4bf000 	/usr/lib/swift/libswiftCoreFoundation.dylib
0x00007ff90911b000 	/usr/lib/swift/libswiftCoreGraphics.dylib
0x00007ff90b4fd000 	/usr/lib/swift/libswiftCoreImage.dylib
0x00007ff909122000 	/usr/lib/swift/libswiftDarwin.dylib
0x00007ff81b1a8000 	/usr/lib/swift/libswiftDispatch.dylib
0x00007ff90b4fe000 	/usr/lib/swift/libswiftIOKit.dylib
0x00007ff91754a000 	/usr/lib/swift/libswiftMetal.dylib
0x00007ffa04b98000 	/usr/lib/swift/libswiftOSLog.dylib
0x00007ff81d99d000 	/usr/lib/swift/libswiftObjectiveC.dylib
0x00007ff91baf0000 	/usr/lib/swift/libswiftQuartzCore.dylib
0x00007ff91fbf9000 	/usr/lib/swift/libswiftUniformTypeIdentifiers.dylib
0x00007ff90b4cf000 	/usr/lib/swift/libswiftXPC.dylib
0x00007ffc1e22b000 	/usr/lib/swift/libswift_Concurrency.dylib
0x00007ff81d9a1000 	/usr/lib/swift/libswiftos.dylib
0x00007ff90e85c000 	/usr/lib/swift/libswiftsimd.dylib
0x00007ff811fdf000 	/usr/lib/libcompression.dylib
0x00007ff81476e000 	/System/Library/PrivateFrameworks/TextureIO.framework/Versions/A/TextureIO
0x00007ff81369f000 	/usr/lib/libate.dylib
0x00007ff813447000 	/usr/lib/liblzma.5.dylib
0x00007ff811e42000 	/usr/lib/libfakelink.dylib
0x00007ff809e07000 	/System/Library/Frameworks/CFNetwork.framework/Versions/A/CFNetwork
0x00007ff811e94000 	/usr/lib/libarchive.2.dylib
0x00007ff8176b1000 	/System/Library/Frameworks/Combine.framework/Versions/A/Combine
0x00007ffb130b2000 	/System/Library/PrivateFrameworks/CollectionsInternal.framework/Versions/A/CollectionsInternal
0x00007ffc08d49000 	/System/Library/PrivateFrameworks/ReflectionInternal.framework/Versions/A/ReflectionInternal
0x00007ffc092c8000 	/System/Library/PrivateFrameworks/RuntimeInternal.framework/Versions/A/RuntimeInternal
0x00007ffc1e366000 	/usr/lib/swift/libswift_StringProcessing.dylib
0x00007ff808103000 	/System/Library/PrivateFrameworks/CoreServicesInternal.framework/Versions/A/CoreServicesInternal
0x00007ff811131000 	/usr/lib/libbsm.0.dylib
0x00007ff811ddd000 	/usr/lib/system/libkxld.dylib
0x00007ff80d8cd000 	/System/Library/Frameworks/CoreServices.framework/Versions/A/Frameworks/FSEvents.framework/Versions/A/FSEvents
0x00007ff807e08000 	/System/Library/Frameworks/CoreServices.framework/Versions/A/Frameworks/CarbonCore.framework/Versions/A/CarbonCore
0x00007ff80cb02000 	/System/Library/Frameworks/CoreServices.framework/Versions/A/Frameworks/Metadata.framework/Versions/A/Metadata
0x00007ff811a34000 	/System/Library/Frameworks/CoreServices.framework/Versions/A/Frameworks/OSServices.framework/Versions/A/OSServices
0x00007ff811f1d000 	/System/Library/Frameworks/CoreServices.framework/Versions/A/Frameworks/SearchKit.framework/Versions/A/SearchKit
0x00007ff80bd6b000 	/System/Library/Frameworks/CoreServices.framework/Versions/A/Frameworks/AE.framework/Versions/A/AE
0x00007ff80509d000 	/System/Library/Frameworks/CoreServices.framework/Versions/A/Frameworks/LaunchServices.framework/Versions/A/LaunchServices
0x00007ff8133f8000 	/System/Library/Frameworks/CoreServices.framework/Versions/A/Frameworks/DictionaryServices.framework/Versions/A/DictionaryServices
0x00007ff80d8da000 	/System/Library/Frameworks/CoreServices.framework/Versions/A/Frameworks/SharedFileList.framework/Versions/A/SharedFileList
0x00007ff811fa8000 	/usr/lib/libapple_nghttp2.dylib
0x00007ff80b9d7000 	/usr/lib/libsqlite3.dylib
0x00007ff80bded000 	/System/Library/Frameworks/Network.framework/Versions/A/Network
0x00007ffc1cbdb000 	/usr/lib/libCoreEntitlements.dylib
0x00007ffb24526000 	/System/Library/PrivateFrameworks/MessageSecurity.framework/Versions/A/MessageSecurity
0x00007ff80b9be000 	/System/Library/PrivateFrameworks/ProtocolBuffer.framework/Versions/A/ProtocolBuffer
0x00007ff811951000 	/System/Library/PrivateFrameworks/AppleFSCompression.framework/Versions/A/AppleFSCompression
0x00007ff811119000 	/usr/lib/libcoretls.dylib
0x00007ff813466000 	/usr/lib/libcoretls_cfhelpers.dylib
0x00007ff811fd9000 	/usr/lib/libpam.2.dylib
0x00007ff8134df000 	/usr/lib/libxar.1.dylib
0x00007ff8139d5000 	/usr/lib/libheimdal-asn1.dylib
0x00007ff809e06000 	/usr/lib/libnetwork.dylib
0x00007ff811e46000 	/usr/lib/libpcap.A.dylib
0x00007ff80bddb000 	/usr/lib/libdns_services.dylib
0x00007ff810118000 	/System/Library/PrivateFrameworks/AppleSystemInfo.framework/Versions/A/AppleSystemInfo
0x00007ff810e32000 	/System/Library/PrivateFrameworks/IOMobileFramebuffer.framework/Versions/A/IOMobileFramebuffer
0x00007ffc1e2b8000 	/usr/lib/swift/libswift_RegexParser.dylib
0x00007ff811a1f000 	/usr/lib/libbz2.1.0.dylib
0x00007ff81110f000 	/usr/lib/libCheckFix.dylib
0x00007ff80a259000 	/System/Library/PrivateFrameworks/TCC.framework/Versions/A/TCC
0x00007ff81011f000 	/System/Library/PrivateFrameworks/CoreNLP.framework/Versions/A/CoreNLP
0x00007ff80cabc000 	/System/Library/PrivateFrameworks/MetadataUtilities.framework/Versions/A/MetadataUtilities
0x00007ff811141000 	/usr/lib/libmecab.dylib
0x00007ff805907000 	/usr/lib/libCRFSuite.dylib
0x00007ff81119a000 	/usr/lib/libgermantok.dylib
0x00007ff811f83000 	/usr/lib/libThaiTokenizer.dylib
0x00007ff80cba2000 	/System/Library/Frameworks/Accelerate.framework/Versions/A/Frameworks/vImage.framework/Versions/A/vImage
0x00007ff819812000 	/System/Library/Frameworks/Accelerate.framework/Versions/A/Frameworks/vecLib.framework/Versions/A/vecLib
0x00007ff813521000 	/System/Library/Frameworks/Accelerate.framework/Versions/A/Frameworks/vecLib.framework/Versions/A/libvMisc.dylib
0x00007ff810c21000 	/System/Library/Frameworks/Accelerate.framework/Versions/A/Frameworks/vecLib.framework/Versions/A/libvDSP.dylib
0x00007ff8054aa000 	/System/Library/Frameworks/Accelerate.framework/Versions/A/Frameworks/vecLib.framework/Versions/A/libBLAS.dylib
0x00007ff8120c1000 	/System/Library/Frameworks/Accelerate.framework/Versions/A/Frameworks/vecLib.framework/Versions/A/libLAPACK.dylib
0x00007ff81119d000 	/System/Library/Frameworks/Accelerate.framework/Versions/A/Frameworks/vecLib.framework/Versions/A/libLinearAlgebra.dylib
0x00007ff811fc3000 	/System/Library/Frameworks/Accelerate.framework/Versions/A/Frameworks/vecLib.framework/Versions/A/libSparseBLAS.dylib
0x00007ff8120bb000 	/System/Library/Frameworks/Accelerate.framework/Versions/A/Frameworks/vecLib.framework/Versions/A/libQuadrature.dylib
0x00007ff810235000 	/System/Library/Frameworks/Accelerate.framework/Versions/A/Frameworks/vecLib.framework/Versions/A/libBNNS.dylib
0x00007ff805808000 	/System/Library/Frameworks/Accelerate.framework/Versions/A/Frameworks/vecLib.framework/Versions/A/libSparse.dylib
0x00007ffb22dcb000 	/System/Library/PrivateFrameworks/MIL.framework/Versions/A/MIL
0x00007ff811e7c000 	/usr/lib/libiconv.2.dylib
0x00007ff811dd6000 	/usr/lib/libcharset.1.dylib
0x00007ff80d8b1000 	/System/Library/Frameworks/OpenDirectory.framework/Versions/A/Frameworks/CFOpenDirectory.framework/Versions/A/CFOpenDirectory
0x00007ff80d8a5000 	/System/Library/Frameworks/OpenDirectory.framework/Versions/A/OpenDirectory
0x00007ff813468000 	/System/Library/PrivateFrameworks/APFS.framework/Versions/A/APFS
0x00007ff811054000 	/System/Library/Frameworks/SecurityFoundation.framework/Versions/A/SecurityFoundation
0x00007ff8134ed000 	/usr/lib/libutil.dylib
0x00007ffb211d7000 	/System/Library/PrivateFrameworks/InstalledContentLibrary.framework/Versions/A/InstalledContentLibrary
0x00007ff808145000 	/System/Library/PrivateFrameworks/CoreServicesStore.framework/Versions/A/CoreServicesStore
0x00007ffb10cb9000 	/System/Library/PrivateFrameworks/AppleMobileFileIntegrity.framework/Versions/A/AppleMobileFileIntegrity
0x00007ff90b491000 	/usr/lib/libmis.dylib
0x00007ff91bfcc000 	/System/Library/PrivateFrameworks/MobileSystemServices.framework/Versions/A/MobileSystemServices
0x00007ffa1963f000 	/System/Library/PrivateFrameworks/ConfigProfileHelper.framework/Versions/A/ConfigProfileHelper
0x00007ff811f85000 	/System/Library/PrivateFrameworks/AppleSauce.framework/Versions/A/AppleSauce
0x00007ff806808000 	/System/Library/PrivateFrameworks/LanguageModeling.framework/Versions/A/LanguageModeling
0x00007ff8134f1000 	/usr/lib/libxslt.1.dylib
0x00007ff811e83000 	/usr/lib/libcmph.dylib
0x00007ff810e00000 	/System/Library/PrivateFrameworks/CoreEmoji.framework/Versions/A/CoreEmoji
0x00007ff81022f000 	/System/Library/PrivateFrameworks/LinguisticData.framework/Versions/A/LinguisticData
0x00007ff80571f000 	/System/Library/PrivateFrameworks/Lexicon.framework/Versions/A/Lexicon
0x00007ff8110dd000 	/System/Library/PrivateFrameworks/BackgroundTaskManagement.framework/Versions/A/BackgroundTaskManagement
0x00007ffc1cd4a000 	/usr/lib/libTLE.dylib
0x00007ff813e97000 	/System/Library/PrivateFrameworks/AppleJPEG.framework/Versions/A/AppleJPEG
0x00007ff8139ba000 	/usr/lib/libexpat.1.dylib
0x00007ff8145c6000 	/System/Library/Frameworks/ImageIO.framework/Versions/A/Resources/libPng.dylib
0x00007ff8145f3000 	/System/Library/Frameworks/ImageIO.framework/Versions/A/Resources/libTIFF.dylib
0x00007ff8146e8000 	/System/Library/Frameworks/ImageIO.framework/Versions/A/Resources/libGIF.dylib
0x00007ff813ee3000 	/System/Library/Frameworks/ImageIO.framework/Versions/A/Resources/libJP2.dylib
0x00007ff814687000 	/System/Library/Frameworks/ImageIO.framework/Versions/A/Resources/libJPEG.dylib
0x00007ff81467e000 	/System/Library/Frameworks/ImageIO.framework/Versions/A/Resources/libRadiance.dylib
0x00007ff80f507000 	/System/Library/PrivateFrameworks/FontServices.framework/libFontParser.dylib
0x00007ff80bd08000 	/System/Library/PrivateFrameworks/RunningBoardServices.framework/Versions/A/RunningBoardServices
0x00007ff820433000 	/System/Library/PrivateFrameworks/IOSurfaceAccelerator.framework/Versions/A/IOSurfaceAccelerator
0x00007ff813fd1000 	/System/Library/PrivateFrameworks/WatchdogClient.framework/Versions/A/WatchdogClient
0x00007ff8069d5000 	/System/Library/Frameworks/CoreDisplay.framework/Versions/A/CoreDisplay
0x00007ff80f3d6000 	/System/Library/Frameworks/CoreMedia.framework/Versions/A/CoreMedia
0x00007ff80f178000 	/System/Library/PrivateFrameworks/IOAccelerator.framework/Versions/A/IOAccelerator
0x00007ff80da2e000 	/System/Library/Frameworks/CoreVideo.framework/Versions/A/CoreVideo
0x00007ff811fd7000 	/System/Library/Frameworks/MetalPerformanceShaders.framework/Versions/A/MetalPerformanceShaders
0x00007ff814010000 	/System/Library/Frameworks/VideoToolbox.framework/Versions/A/VideoToolbox
0x00007ff80dabb000 	/System/Library/PrivateFrameworks/UserManagement.framework/Versions/A/UserManagement
0x00007ff80bc31000 	/System/Library/PrivateFrameworks/BaseBoard.framework/Versions/A/BaseBoard
0x00007ff810117000 	/System/Library/PrivateFrameworks/AggregateDictionary.framework/Versions/A/AggregateDictionary
0x00007ffb10ab7000 	/System/Library/PrivateFrameworks/AppleKeyStore.framework/Versions/A/AppleKeyStore
0x00007ff814677000 	/System/Library/PrivateFrameworks/GPUWrangler.framework/Versions/A/GPUWrangler
0x00007ff81465b000 	/System/Library/PrivateFrameworks/IOPresentment.framework/Versions/A/IOPresentment
0x00007ff814681000 	/System/Library/PrivateFrameworks/DSExternalDisplay.framework/Versions/A/DSExternalDisplay
0x00007ffb1d1a7000 	/System/Library/PrivateFrameworks/GPUCompiler.framework/Versions/32023/Libraries/libllvm-flatbuffers.dylib
0x00007ffa21323000 	/System/Library/Frameworks/OpenGL.framework/Versions/A/Libraries/libCoreFSCache.dylib
0x00007ffb19c9d000 	/System/Library/PrivateFrameworks/GPUCompiler.framework/Versions/32023/Libraries/libGPUCompilerUtils.dylib
0x00007ff8146ee000 	/System/Library/PrivateFrameworks/CMCaptureCore.framework/Versions/A/CMCaptureCore
0x00007ffb09898000 	/System/Library/Frameworks/ExtensionFoundation.framework/Versions/A/ExtensionFoundation
0x00007ff81b9f9000 	/System/Library/PrivateFrameworks/CoreTime.framework/Versions/A/CoreTime
0x00007ff813b85000 	/System/Library/PrivateFrameworks/AppServerSupport.framework/Versions/A/AppServerSupport
0x00007ff816129000 	/System/Library/PrivateFrameworks/perfdata.framework/Versions/A/perfdata
0x00007ff806b03000 	/System/Library/PrivateFrameworks/AudioToolboxCore.framework/Versions/A/AudioToolboxCore
0x00007ff80f3b0000 	/System/Library/PrivateFrameworks/caulk.framework/Versions/A/caulk
0x00007ff8159c1000 	/usr/lib/libAudioStatistics.dylib
0x00007ff90a832000 	/System/Library/PrivateFrameworks/SystemPolicy.framework/Versions/A/SystemPolicy
0x00007ff815c83000 	/usr/lib/libSMC.dylib
0x00007ff81fabc000 	/System/Library/Frameworks/CoreMIDI.framework/Versions/A/CoreMIDI
0x00007ff81458d000 	/usr/lib/libAudioToolboxUtility.dylib
0x00007ff905e36000 	/System/Library/PrivateFrameworks/OSAServicesClient.framework/Versions/A/OSAServicesClient
0x00007ff816137000 	/usr/lib/libperfcheck.dylib
0x00007ff81b4a4000 	/System/Library/PrivateFrameworks/BoardServices.framework/Versions/A/BoardServices
0x00007ff81389a000 	/System/Library/PrivateFrameworks/PlugInKit.framework/Versions/A/PlugInKit
0x00007ff811047000 	/System/Library/PrivateFrameworks/AssertionServices.framework/Versions/A/AssertionServices
0x00007ffa07eca000 	/System/Library/PrivateFrameworks/Symbolication.framework/Versions/A/Symbolication
0x00007ffc07cea000 	/System/Library/PrivateFrameworks/PhotosensitivityProcessing.framework/Versions/A/PhotosensitivityProcessing
0x00007ffa22945000 	/System/Library/Frameworks/OpenCL.framework/Versions/A/OpenCL
0x00007ff813b30000 	/System/Library/PrivateFrameworks/GraphVisualizer.framework/Versions/A/GraphVisualizer
0x00007ffa21380000 	/System/Library/Frameworks/OpenGL.framework/Versions/A/Libraries/libGLU.dylib
0x00007ffa21342000 	/System/Library/Frameworks/OpenGL.framework/Versions/A/Libraries/libGFXShared.dylib
0x00007ffa2153e000 	/System/Library/Frameworks/OpenGL.framework/Versions/A/Libraries/libGL.dylib
0x00007ffa2134a000 	/System/Library/Frameworks/OpenGL.framework/Versions/A/Libraries/libGLImage.dylib
0x00007ffa2133f000 	/System/Library/Frameworks/OpenGL.framework/Versions/A/Libraries/libCVMSPluginSupport.dylib
0x00007ffc1cd06000 	/usr/lib/libRosetta.dylib
0x00007ffa2132a000 	/System/Library/Frameworks/OpenGL.framework/Versions/A/Libraries/libCoreVMClient.dylib
0x00007ffb17dd5000 	/System/Library/PrivateFrameworks/FontServices.framework/Versions/A/FontServices
0x00007ff813b3f000 	/System/Library/PrivateFrameworks/OTSVG.framework/Versions/A/OTSVG
0x00007ff80d5e9000 	/System/Library/Frameworks/ApplicationServices.framework/Versions/A/Frameworks/ATS.framework/Versions/A/Resources/libFontRegistry.dylib
0x00007ff813b90000 	/System/Library/PrivateFrameworks/FontServices.framework/libhvf.dylib
0x00007ffb17dd6000 	/System/Library/PrivateFrameworks/FontServices.framework/libXTFontStaticRegistryData.dylib
0x00007ff810056000 	/System/Library/Frameworks/MetalPerformanceShaders.framework/Versions/A/Frameworks/MPSCore.framework/Versions/A/MPSCore
0x00007ff8118ab000 	/System/Library/Frameworks/MetalPerformanceShaders.framework/Versions/A/Frameworks/MPSImage.framework/Versions/A/MPSImage
0x00007ff8111b3000 	/System/Library/Frameworks/MetalPerformanceShaders.framework/Versions/A/Frameworks/MPSNeuralNetwork.framework/Versions/A/MPSNeuralNetwork
0x00007ff811722000 	/System/Library/Frameworks/MetalPerformanceShaders.framework/Versions/A/Frameworks/MPSMatrix.framework/Versions/A/MPSMatrix
0x00007ff8114d4000 	/System/Library/Frameworks/MetalPerformanceShaders.framework/Versions/A/Frameworks/MPSRayIntersector.framework/Versions/A/MPSRayIntersector
0x00007ff811761000 	/System/Library/Frameworks/MetalPerformanceShaders.framework/Versions/A/Frameworks/MPSNDArray.framework/Versions/A/MPSNDArray
0x00007ffb0afb3000 	/System/Library/Frameworks/MetalPerformanceShaders.framework/Versions/A/Frameworks/MPSFunctions.framework/Versions/A/MPSFunctions
0x00007ffb0af96000 	/System/Library/Frameworks/MetalPerformanceShaders.framework/Versions/A/Frameworks/MPSBenchmarkLoop.framework/Versions/A/MPSBenchmarkLoop
0x00007ff80535a000 	/System/Library/PrivateFrameworks/MetalTools.framework/Versions/A/MetalTools
0x00007ff90fbb1000 	/System/Library/PrivateFrameworks/IOAccelMemoryInfo.framework/Versions/A/IOAccelMemoryInfo
0x00007ff91becc000 	/System/Library/PrivateFrameworks/kperf.framework/Versions/A/kperf
0x00007ff90b4b3000 	/System/Library/PrivateFrameworks/GPURawCounter.framework/Versions/A/GPURawCounter
0x00007ff81b8ce000 	/System/Library/PrivateFrameworks/CoreSymbolication.framework/Versions/A/CoreSymbolication
0x00007ff90b463000 	/System/Library/PrivateFrameworks/MallocStackLogging.framework/Versions/A/MallocStackLogging
0x00007ff81373f000 	/System/Library/PrivateFrameworks/CrashReporterSupport.framework/Versions/A/CrashReporterSupport
0x00007ff81b88f000 	/System/Library/PrivateFrameworks/DebugSymbols.framework/Versions/A/DebugSymbols
0x00007ff91a8e1000 	/System/Library/PrivateFrameworks/OSAnalytics.framework/Versions/A/OSAnalytics
0x00007ffc1402c000 	/System/Library/PrivateFrameworks/VideoToolboxParavirtualizationSupport.framework/Versions/A/VideoToolboxParavirtualizationSupport
0x00007ff81396c000 	/System/Library/PrivateFrameworks/AppleVA.framework/Versions/A/AppleVA
0x00007ff815a01000 	/System/Library/Frameworks/ApplicationServices.framework/Versions/A/Frameworks/ATS.framework/Versions/A/ATS
0x00007ff80b041000 	/System/Library/Frameworks/ApplicationServices.framework/Versions/A/Frameworks/HIServices.framework/Versions/A/HIServices
0x00007ff8146fc000 	/System/Library/Frameworks/ApplicationServices.framework/Versions/A/Frameworks/PrintCore.framework/Versions/A/PrintCore
0x00007ff815dd7000 	/System/Library/Frameworks/ApplicationServices.framework/Versions/A/Frameworks/QD.framework/Versions/A/QD
0x00007ff815dd0000 	/System/Library/Frameworks/ApplicationServices.framework/Versions/A/Frameworks/ColorSyncLegacy.framework/Versions/A/ColorSyncLegacy
0x00007ff8159d7000 	/System/Library/Frameworks/ApplicationServices.framework/Versions/A/Frameworks/SpeechSynthesis.framework/Versions/A/SpeechSynthesis
0x00007ff8146b8000 	/System/Library/Frameworks/ApplicationServices.framework/Versions/A/Frameworks/ATSUI.framework/Versions/A/ATSUI
0x00007ff815d62000 	/usr/lib/libcups.2.dylib
0x00007ff816146000 	/System/Library/Frameworks/Kerberos.framework/Versions/A/Kerberos
0x00007ff816155000 	/System/Library/Frameworks/GSS.framework/Versions/A/GSS
0x00007ff815a7a000 	/usr/lib/libresolv.9.dylib
0x00007ff813ba2000 	/System/Library/PrivateFrameworks/Heimdal.framework/Versions/A/Heimdal
0x00007ff81d90f000 	/System/Library/Frameworks/Kerberos.framework/Versions/A/Libraries/libHeimdalProxy.dylib
0x00007ff8161a2000 	/System/Library/PrivateFrameworks/CommonAuth.framework/Versions/A/CommonAuth
0x00007ffb087cc000 	/System/Library/Frameworks/AVFAudio.framework/Versions/A/AVFAudio
0x00007ff905e7d000 	/System/Library/PrivateFrameworks/AXCoreUtilities.framework/Versions/A/AXCoreUtilities
0x00007ffb22574000 	/System/Library/PrivateFrameworks/IsolatedCoreAudioClient.framework/Versions/A/IsolatedCoreAudioClient
0x00007ff815948000 	/System/Library/PrivateFrameworks/AudioSession.framework/Versions/A/AudioSession
0x00007ff817476000 	/System/Library/Frameworks/IOBluetooth.framework/Versions/A/IOBluetooth
0x00007ff813a7a000 	/System/Library/PrivateFrameworks/MediaExperience.framework/Versions/A/MediaExperience
0x00007ff81579b000 	/System/Library/PrivateFrameworks/AudioSession.framework/libSessionUtility.dylib
0x00007ff815de2000 	/System/Library/PrivateFrameworks/AudioResourceArbitration.framework/Versions/A/AudioResourceArbitration
0x00007ff81a53a000 	/System/Library/PrivateFrameworks/PowerLog.framework/Versions/A/PowerLog
0x00007ff81a457000 	/System/Library/Frameworks/CoreBluetooth.framework/Versions/A/CoreBluetooth
0x00007ff81d910000 	/System/Library/Frameworks/AudioUnit.framework/Versions/A/AudioUnit
0x00007ff810eba000 	/System/Library/PrivateFrameworks/CoreUtils.framework/Versions/A/CoreUtils
0x00007ffb162fe000 	/System/Library/PrivateFrameworks/CoreUtilsExtras.framework/Versions/A/CoreUtilsExtras
0x00007ffb2106b000 	/System/Library/PrivateFrameworks/IO80211.framework/Versions/A/IO80211
0x00007ff81b3e6000 	/System/Library/PrivateFrameworks/FrontBoardServices.framework/Versions/A/FrontBoardServices
0x00007ff81cef8000 	/System/Library/PrivateFrameworks/BackBoardServices.framework/Versions/A/BackBoardServices
0x00007ff8139de000 	/System/Library/PrivateFrameworks/IconFoundation.framework/Versions/A/IconFoundation
0x00007ff819458000 	/System/Library/PrivateFrameworks/SpeechRecognitionCore.framework/Versions/A/SpeechRecognitionCore
0x00007ff905e96000 	/usr/lib/libAccessibility.dylib
0x00007ff819b4d000 	/System/Library/Frameworks/MediaAccessibility.framework/Versions/A/MediaAccessibility
0x00007ffa0b84a000 	/System/Library/Frameworks/OSLog.framework/Versions/A/OSLog
0x00007ff90b3ee000 	/System/Library/PrivateFrameworks/LoggingSupport.framework/Versions/A/LoggingSupport
0x000000010956d000 	/Library/Java/JavaVirtualMachines/jdk-21.jdk/Contents/Home/lib/server/libjvm.dylib
0x0000000107db6000 	/Library/Java/JavaVirtualMachines/jdk-21.jdk/Contents/Home/lib/libjimage.dylib
0x0000000107e0e000 	/Library/Java/JavaVirtualMachines/jdk-21.jdk/Contents/Home/lib/libjdwp.dylib
0x0000000107e56000 	/Library/Java/JavaVirtualMachines/jdk-21.jdk/Contents/Home/lib/libjava.dylib
0x0000000107dd9000 	/Library/Java/JavaVirtualMachines/jdk-21.jdk/Contents/Home/lib/libinstrument.dylib
0x00007ffc1ca7e000 	/usr/lib/i18n/libiconv_std.dylib
0x00007ffc1ca75000 	/usr/lib/i18n/libUTF8.dylib
0x00007ffc1ca81000 	/usr/lib/i18n/libmapper_646.dylib
0x0000000107dfb000 	/Library/Java/JavaVirtualMachines/jdk-21.jdk/Contents/Home/lib/libdt_socket.dylib
0x00000001080f0000 	/Library/Java/JavaVirtualMachines/jdk-21.jdk/Contents/Home/lib/libzip.dylib
0x000000010811f000 	/Library/Java/JavaVirtualMachines/jdk-21.jdk/Contents/Home/lib/libnio.dylib
0x000000010813b000 	/Library/Java/JavaVirtualMachines/jdk-21.jdk/Contents/Home/lib/libnet.dylib
0x000000010814f000 	/Library/Java/JavaVirtualMachines/jdk-21.jdk/Contents/Home/lib/libverify.dylib
0x0000000108104000 	/Library/Java/JavaVirtualMachines/jdk-21.jdk/Contents/Home/lib/libmanagement.dylib
0x0000000108167000 	/Library/Java/JavaVirtualMachines/jdk-21.jdk/Contents/Home/lib/libmanagement_ext.dylib
0x00000001080dd000 	/Library/Java/JavaVirtualMachines/jdk-21.jdk/Contents/Home/lib/libextnet.dylib


VM Arguments:
jvm_args: -XX:+ShowCodeDetailsInExceptionMessages -agentlib:jdwp=transport=dt_socket,suspend=y,address=localhost:64034 -javaagent:/Users/yeonguksong/eclipse/jee-2024-03/Eclipse.app/Contents/Eclipse/configuration/org.eclipse.osgi/434/0/.cp/lib/javaagent-shaded.jar -Dfile.encoding=UTF-8 -Dstdout.encoding=UTF-8 -Dstderr.encoding=UTF-8 
java_command: com.syuk27.springboot.pt_restful_hibernate.PtRestfulHibernateApplication
java_class_path (initial): /Users/yeonguksong/eclipse-workspace/pt-restful-hibernate/target/classes:/Users/yeonguksong/.m2/repository/org/springframework/boot/spring-boot-starter-data-jpa/3.4.2/spring-boot-starter-data-jpa-3.4.2.jar:/Users/yeonguksong/.m2/repository/org/springframework/boot/spring-boot-starter/3.4.2/spring-boot-starter-3.4.2.jar:/Users/yeonguksong/.m2/repository/org/springframework/boot/spring-boot-starter-logging/3.4.2/spring-boot-starter-logging-3.4.2.jar:/Users/yeonguksong/.m2/repository/ch/qos/logback/logback-classic/1.5.16/logback-classic-1.5.16.jar:/Users/yeonguksong/.m2/repository/ch/qos/logback/logback-core/1.5.16/logback-core-1.5.16.jar:/Users/yeonguksong/.m2/repository/org/apache/logging/log4j/log4j-to-slf4j/2.24.3/log4j-to-slf4j-2.24.3.jar:/Users/yeonguksong/.m2/repository/org/apache/logging/log4j/log4j-api/2.24.3/log4j-api-2.24.3.jar:/Users/yeonguksong/.m2/repository/org/slf4j/jul-to-slf4j/2.0.16/jul-to-slf4j-2.0.16.jar:/Users/yeonguksong/.m2/repository/jakarta/annotation/jakarta.annotation-api/2.1.1/jakarta.annotation-api-2.1.1.jar:/Users/yeonguksong/.m2/repository/org/yaml/snakeyaml/2.3/snakeyaml-2.3.jar:/Users/yeonguksong/.m2/repository/org/springframework/boot/spring-boot-starter-jdbc/3.4.2/spring-boot-starter-jdbc-3.4.2.jar:/Users/yeonguksong/.m2/repository/com/zaxxer/HikariCP/5.1.0/HikariCP-5.1.0.jar:/Users/yeonguksong/.m2/repository/org/springframework/spring-jdbc/6.2.2/spring-jdbc-6.2.2.jar:/Users/yeonguksong/.m2/repository/org/hibernate/orm/hibernate-core/6.6.5.Final/hibernate-core-6.6.5.Final.jar:/Users/yeonguksong/.m2/repository/jakarta/persistence/jakarta.persistence-api/3.1.0/jakarta.persistence-api-3.1.0.jar:/Users/yeonguksong/.m2/repository/jakarta/transaction/jakarta.transaction-api/2.0.1/jakarta.transaction-api-2.0.1.jar:/Users/yeonguksong/.m2/repository/org/jboss/logging/jboss-logging/3.6.1.Final/jboss-logging-3.6.1.Final.jar:/Users/yeonguksong/.m2/repository/org/hibernate/common/hibernate-commons-annotations/7.0.3.Final/hibernate-commons-annotations-7.0.3.Final.jar:/Users/yeonguksong/.m2/repository/io/smallrye/jandex/3.2.0/jandex-3.2.0.jar:/Users/yeonguksong/.m2/repository/com/fasterxml/classmate/1.7.0/classmate-1.7.0.jar:/Users/yeonguksong/.m2/repository/net/bytebuddy/byte-buddy/1.15.11/byte-buddy-1.15.11.jar:/Users/yeonguksong/.m2/repository/org/glassfish/jaxb/jaxb-runtime/4.0.5/jaxb-runtime-4.0.5.jar:/Users/yeonguksong/.m2/repository/org/glassfish/jaxb/jaxb-core/4.0.5/jaxb-core-4.0.5.jar:/Users/yeonguksong/.m2/repository/org/eclipse/angus/angus-activation/2.0.2/angus-activation-2.0.2.jar:/Users/yeonguksong/.m2/repository/org/glassfish/jaxb/txw2/4.0.5/txw2-4.0.5.jar:/Users/yeonguksong/.m2/repository/com/sun/istack/istack-commons-runtime/4.1.2/istack-commons-runtime-4.1.2.jar:/Users/yeonguksong/.m2/repository/jakarta/inject/jakarta.inject-api/2.0.1/jakarta.inject-api-2.0.1.jar:/Users/yeonguksong/.m2/repository/org/antlr/antlr4-runtime/4.13.0/antlr4-runtime-4.13.0.jar:/Users/yeonguksong/.m2/repository/org/springframework/data/spring-data-jpa/3.4.2/spring-data-jpa-3.4.2.jar:/Users/yeonguksong/.m2/repository/org/springframework/data/spring-data-commons/3.4.2/spring-data-commons-3.4.2.jar:/Users/yeonguksong/.m2/repository/org/springframework/spring-orm/6.2.2/spring-orm-6.2.2.jar:/Users/yeonguksong/.m2/repository/org/springframework/spring-context/6.2.2/spring-context-6.2.2.jar:/Users/yeonguksong/.m2/repository/org/springframework/spring-aop/6.2.2/spring-aop-6.2.2.jar:/Users/yeonguksong/.m2/repository/org/springframework/spring-tx/6.2.2/spring-tx-6.2.2.jar:/Users/yeonguksong/.m2/repository/org/springframework/spring-beans/6.2.2/spring-beans-6.2.2.jar:/Users/yeonguksong/.m2/repository/org/slf4j/slf4j-api/2.0.16/slf4j-api-2.0.16.jar:/Users/yeonguksong/.m2/repository/org/springframework/spring-aspects/6.2.2/spring-aspects-6.2.2.jar:/Users/yeonguksong/.m2/repository/org/aspectj/aspectjweaver/1.9.22.1/aspectjweaver-1.9.22.1.jar:/Users/yeonguksong/.m2/repository/org/springframework/boot/spring-boot-starter-web/3.4.2/spring-boot-starter-web-3.4.2.jar:/Users/yeonguksong/.m2/repository/org/springframework/boot/spring-boot-starter-json/3.4.2/spring-boot-starter-json-3.4.2.jar:/Users/yeonguksong/.m2/repository/com/fasterxml/jackson/core/jackson-databind/2.18.2/jackson-databind-2.18.2.jar:/Users/yeonguksong/.m2/repository/com/fasterxml/jackson/core/jackson-annotations/2.18.2/jackson-annotations-2.18.2.jar:/Users/yeonguksong/.m2/repository/com/fasterxml/jackson/core/jackson-core/2.18.2/jackson-core-2.18.2.jar:/Users/yeonguksong/.m2/repository/com/fasterxml/jackson/datatype/jackson-datatype-jdk8/2.18.2/jackson-datatype-jdk8-2.18.2.jar:/Users/yeonguksong/.m2/repository/com/fasterxml/jackson/datatype/jackson-datatype-jsr310/2.18.2/jackson-datatype-jsr310-2.18.2.jar:/Users/yeonguksong/.m2/repository/com/fasterxml/jackson/module/jackson-module-parameter-names/2.18.2/jackson-module-parameter-names-2.18.2.jar:/Users/yeonguksong/.m2/repository/org/springframework/boot/spring-boot-starter-tomcat/3.4.2/spring-boot-starter-tomcat-3.4.2.jar:/Users/yeonguksong/.m2/repository/org/apache/tomcat/embed/tomcat-embed-core/10.1.34/tomcat-embed-core-10.1.34.jar:/Users/yeonguksong/.m2/repository/org/apache/tomcat/embed/tomcat-embed-websocket/10.1.34/tomcat-embed-websocket-10.1.34.jar:/Users/yeonguksong/.m2/repository/org/springframework/spring-web/6.2.2/spring-web-6.2.2.jar:/Users/yeonguksong/.m2/repository/io/micrometer/micrometer-observation/1.14.3/micrometer-observation-1.14.3.jar:/Users/yeonguksong/.m2/repository/io/micrometer/micrometer-commons/1.14.3/micrometer-commons-1.14.3.jar:/Users/yeonguksong/.m2/repository/org/springframework/spring-webmvc/6.2.2/spring-webmvc-6.2.2.jar:/Users/yeonguksong/.m2/repository/org/springframework/spring-expression/6.2.2/spring-expression-6.2.2.jar:/Users/yeonguksong/.m2/repository/org/springframework/boot/spring-boot-starter-validation/3.4.2/spring-boot-starter-validation-3.4.2.jar:/Users/yeonguksong/.m2/repository/org/apache/tomcat/embed/tomcat-embed-el/10.1.34/tomcat-embed-el-10.1.34.jar:/Users/yeonguksong/.m2/repository/org/hibernate/validator/hibernate-validator/8.0.2.Final/hibernate-validator-8.0.2.Final.jar:/Users/yeonguksong/.m2/repository/jakarta/validation/jakarta.validation-api/3.0.2/jakarta.validation-api-3.0.2.jar:/Users/yeonguksong/.m2/repository/org/springframework/boot/spring-boot-devtools/3.4.2/spring-boot-devtools-3.4.2.jar:/Users/yeonguksong/.m2/repository/org/springframework/boot/spring-boot/3.4.2/spring-boot-3.4.2.jar:/Users/yeonguksong/.m2/repository/org/springframework/boot/spring-boot-autoconfigure/3.4.2/spring-boot-autoconfigure-3.4.2.jar:/Users/yeonguksong/.m2/repository/com/h2database/h2/2.3.232/h2-2.3.232.jar:/Users/yeonguksong/.m2/repository/jakarta/xml/bind/jakarta.xml.bind-api/4.0.2/jakarta.xml.bind-api-4.0.2.jar:/Users/yeonguksong/.m2/repository/jakarta/activation/jakarta.activation-api/2.1.3/jakarta.activation-api-2.1.3.jar:/Users/yeonguksong/.m2/repository/org/springframework/spring-core/6.2.2/spring-core-6.2.2.jar:/Users/yeonguksong/.m2/repository/org/springframework/spring-jcl/6.2.2/spring-jcl-6.2.2.jar
Launcher Type: SUN_STANDARD

[Global flags]
     intx CICompilerCount                          = 4                                         {product} {ergonomic}
     uint ConcGCThreads                            = 2                                         {product} {ergonomic}
     uint G1ConcRefinementThreads                  = 8                                         {product} {ergonomic}
   size_t G1HeapRegionSize                         = 2097152                                   {product} {ergonomic}
    uintx GCDrainStackTargetSize                   = 64                                        {product} {ergonomic}
   size_t InitialHeapSize                          = 268435456                                 {product} {ergonomic}
   size_t MarkStackSize                            = 4194304                                   {product} {ergonomic}
   size_t MaxHeapSize                              = 4294967296                                {product} {ergonomic}
   size_t MaxNewSize                               = 2575302656                                {product} {ergonomic}
   size_t MinHeapDeltaBytes                        = 2097152                                   {product} {ergonomic}
   size_t MinHeapSize                              = 8388608                                   {product} {ergonomic}
    uintx NonNMethodCodeHeapSize                   = 5839372                                {pd product} {ergonomic}
    uintx NonProfiledCodeHeapSize                  = 122909434                              {pd product} {ergonomic}
    uintx ProfiledCodeHeapSize                     = 122909434                              {pd product} {ergonomic}
    uintx ReservedCodeCacheSize                    = 251658240                              {pd product} {ergonomic}
     bool SegmentedCodeCache                       = true                                      {product} {ergonomic}
     bool ShowCodeDetailsInExceptionMessages       = true                                   {manageable} {command line}
   size_t SoftMaxHeapSize                          = 4294967296                             {manageable} {ergonomic}
     bool UseCompressedOops                        = true                           {product lp64_product} {ergonomic}
     bool UseG1GC                                  = true                                      {product} {ergonomic}
     bool UseNUMA                                  = false                                     {product} {ergonomic}
     bool UseNUMAInterleaving                      = false                                     {product} {ergonomic}

Logging:
Log output configuration:
 #0: stdout all=warning uptime,level,tags foldmultilines=false
 #1: stderr all=off uptime,level,tags foldmultilines=false

Environment Variables:
PATH=/usr/bin:/bin:/usr/sbin:/sbin
SHELL=/bin/zsh
TMPDIR=/var/folders/y0/zz88vrf158j77gdnjpr_ry6m0000gn/T/

Active Locale:
LC_ALL=C
LC_COLLATE=C
LC_CTYPE=C
LC_MESSAGES=C
LC_MONETARY=C
LC_NUMERIC=C
LC_TIME=C

Signal Handlers:
   SIGSEGV: crash_handler in libjvm.dylib, mask=11100110000111110111111111111111, flags=SA_ONSTACK|SA_RESTART|SA_SIGINFO, unblocked
    SIGBUS: crash_handler in libjvm.dylib, mask=11100110000111110111111111111111, flags=SA_RESTART|SA_SIGINFO, unblocked
    SIGFPE: crash_handler in libjvm.dylib, mask=11100110000111110111111111111111, flags=SA_RESTART|SA_SIGINFO, unblocked
   SIGPIPE: javaSignalHandler in libjvm.dylib, mask=11100110000111110111111111111111, flags=SA_RESTART|SA_SIGINFO, blocked
   SIGXFSZ: javaSignalHandler in libjvm.dylib, mask=11100110000111110111111111111111, flags=SA_RESTART|SA_SIGINFO, blocked
    SIGILL: crash_handler in libjvm.dylib, mask=11100110000111110111111111111111, flags=SA_RESTART|SA_SIGINFO, unblocked
   SIGUSR2: SR_handler in libjvm.dylib, mask=00100000000000000000000000000000, flags=SA_RESTART|SA_SIGINFO, blocked
    SIGHUP: UserHandler in libjvm.dylib, mask=11100110000111110111111111111111, flags=SA_RESTART|SA_SIGINFO, blocked
    SIGINT: UserHandler in libjvm.dylib, mask=11100110000111110111111111111111, flags=SA_RESTART|SA_SIGINFO, blocked
   SIGTERM: UserHandler in libjvm.dylib, mask=11100110000111110111111111111111, flags=SA_RESTART|SA_SIGINFO, blocked
   SIGQUIT: UserHandler in libjvm.dylib, mask=11100110000111110111111111111111, flags=SA_RESTART|SA_SIGINFO, blocked
   SIGTRAP: crash_handler in libjvm.dylib, mask=11100110000111110111111111111111, flags=SA_RESTART|SA_SIGINFO, unblocked


Periodic native trim disabled

---------------  S Y S T E M  ---------------

OS:
uname: Darwin 23.5.0 Darwin Kernel Version 23.5.0: Wed May  1 20:09:52 PDT 2024; root:xnu-10063.121.3~5/RELEASE_X86_64 x86_64
OS uptime: 10 days 0:23 hours
rlimit (soft/hard): STACK 8192k/65532k , CORE 0k/infinity , NPROC 2784/4176 , NOFILE 2147483647/infinity , AS infinity/infinity , CPU infinity/infinity , DATA infinity/infinity , FSIZE infinity/infinity , MEMLOCK infinity/infinity , RSS infinity/infinity
load average: 3.06 2.70 2.85

CPU: total 8 (initial active 8) (4 cores per cpu, 2 threads per core) family 6 model 126 stepping 5 microcode 0xc4, cx8, cmov, fxsr, ht, mmx, 3dnowpref, sse, sse2, sse3, ssse3, sse4.1, sse4.2, popcnt, lzcnt, tsc, tscinvbit, avx, avx2, aes, erms, clmul, bmi1, bmi2, adx, sha, fma, vzeroupper, clflush, clflushopt, rdtscp, rdpid, fsrm, f16c, pku
machdep.cpu.brand_string:Intel(R) Core(TM) i5-1030NG7 CPU @ 1.10GHz
hw.cpufrequency:1100000000
hw.cpufrequency_min:1100000000
hw.cpufrequency_max:1100000000
hw.cachelinesize:64
hw.l1icachesize:32768
hw.l1dcachesize:49152
hw.l2cachesize:524288
hw.l3cachesize:6291456

Memory: 4k page, physical 16777216k(149488k free), swap 2097152k(787968k free)

vm_info: Java HotSpot(TM) 64-Bit Server VM (21.0.6+8-LTS-188) for bsd-amd64 JRE (21.0.6+8-LTS-188), built on 2024-12-03T10:50:54Z by "mach5one" with clang Apple LLVM 12.0.0 (clang-1200.0.32.29)

END.
